0011;10725101;U Kassel in Kassel (ohne Kunsthochschule);1;2;1;001Y;CRS3035RES100mN3134700E4286600
0012;10725200;U Kassel in Witzenhausen;1;2;1;001X;CRS3035RES100mN3136900E4311200
0013;10725102;U Kassel in Kassel (Kunsthochschule);1;2;1;001Y;CRS3035RES100mN3132800E4285400
0014;10725103;U Kassel in Kassel (Intern. Management School);0;2;1;001Y;CRS3035RES100mN3135000E4286500
0020;60515000;APOLLON H der Gesundheitswirtschaft Bremen (Priv. FH);0;4;0;002Z;CRS3035RES100mN3333300E4244600
0030;60265000;Hochschule Macromedia für angewandte Wissenschaften Stuttgart, Campus München (Priv. FH);0;4;0;003Z;CRS3035RES100mN2782700E4436700
0032;60338000;Hochschule Macromedia für angewandte Wissenschaften Stuttgart, Campus Berlin (Priv. FH);0;4;0;003W;CRS3035RES100mN3270200E4551000
0033;60678000;Hochschule Macromedia für angewandte Wissenschaften Stuttgart, Campus Hamburg (Priv. FH);0;4;0;003V;CRS3035RES100mN3382700E4320900
0034;61062000;Hochschule Macromedia für angewandte Wissenschaften Stuttgart, Campus Köln (Priv. FH);0;4;0;003U;CRS3035RES100mN3096200E4106700
0035;60166000;Hochschule Macromedia für angewandte Wissenschaften Stuttgart, Campus Stuttgart (Priv. FH);0;4;0;003T;CRS3035RES100mN2855900E4263100
0036;60166100;Hochschule Macromedia für angewandte Wissenschaften Stuttgart, Campus Freiburg i. Br. (Priv. FH);0;4;0;003S;CRS3035RES100mN2766600E4159300
0037;61331000;Hochschule Macromedia für angewandte Wissenschaften Stuttgart, Campus Leipzig (Priv. FH) ;0;4;0;003P;CRS3035RES100mN3139700E4486400
0038;60776000;Hochschule Macromedia für angewandte Wissenschaften Stuttgart, Campus Frankfurt a. M. (Priv. FH);0;4;0;003Q;CRS3035RES100mN3003700E4222600
0040;61074000;FH der Diakonie Bielefeld-Bethel (Kirchl. FH);0;5;0;004Z;CRS3035RES100mN3212100E4219700
0060;60129000;Hochschule für angewandte Wissenschaften der Bundesagentur für Arbeit in Mannheim (FH);0;1;0;006Z;CRS3035RES100mN2930300E4213300
0061;60825000;Hochschule für angewandte Wissenschaften der Bundesagentur für Arbeit in Schwerin (FH);0;1;0;006Y;CRS3035RES100mN3395200E4414200
0080;11034000;U Duisburg-Essen in Essen;1;2;1;008Z;CRS3035RES100mN3154500E4112800
0081;11034100;U Duisburg-Essen in Essen (ohne Klinikum);1;2;1;008Z;CRS3035RES100mN3154500E4112800
0082;11034200;U Duisburg-Essen in Duisburg;1;2;1;008X;CRS3035RES100mN3151200E4098400
0089;11034990;U Duisburg-Essen in Essen (Klinikum);0;2;1;008K;CRS3035RES100mN3151500E4111700
0121;11060000;U Paderborn;1;2;1;012Z;CRS3035RES100mN3178400E4236200
0130;11065000;U Siegen;1;2;1;013Z;CRS3035RES100mN3090600E4182100
0140;11070000;U Wuppertal;1;2;1;014Z;CRS3035RES100mN3129900E4122000
0150;11040000;Fernuniversität Hagen;1;2;1;015Z;CRS3035RES100mN3143700E4146400
0170;60333000;Touro College Berlin (Priv. FH);0;4;0;017Z;CRS3035RES100mN3271000E4539100
0180;10315000;Charité - Universitätsmedizin Berlin;1;2;1;018Z;CRS3035RES100mN3273500E4550200
0190;10410000;Europa-U Viadrina Frankfurt (Oder);1;2;1;019Z;CRS3035RES100mN3257700E4631100
0200;10320000;Humboldt-Universität Berlin;1;2;1;020Z;CRS3035RES100mN3272900E4551200
0260;10810000;U Rostock;1;2;1;026Z;CRS3035RES100mN3444400E4460600
0261;10810100;U Rostock (ohne Klinikum);1;2;1;026Z;CRS3035RES100mN3444400E4460600
0269;10810990;U Rostock (Klinikum);1;2;1;026K;CRS3035RES100mN3444000E4458500
0270;10805000;U Greifswald;1;2;1;027Z;CRS3035RES100mN3448200E4541700
0271;10805100;U Greifswald (ohne Klinikum);1;2;1;027Z;CRS3035RES100mN3448200E4541700
0279;10805990;U Greifswald (Klinikum);1;2;1;027K;CRS3035RES100mN3447500E4543600
0301;11405100;U Halle in Halle;1;2;1;030Y;CRS3035RES100mN3154700E4457700
0302;11405200;U Halle in Merseburg;1;2;1;030X;CRS3035RES100mN3139200E4458900
0309;11405990;U Halle in Halle (Klinikum);0;2;1;030K;CRS3035RES100mN3156200E4455500
0310;11410000;U Magdeburg;1;2;1;031Z;CRS3035RES100mN3226700E4433300
0311;11410100;U Magdeburg (ohne Klinikum);1;2;1;031Z;CRS3035RES100mN3226700E4433300
0319;11410990;U Magdeburg (Klinikum);0;2;1;031K;CRS3035RES100mN3222400E4431900
0360;11325000;U Leipzig;1;2;1;036Z;CRS3035RES100mN3139400E4486800
0361;11325100;U Leipzig (ohne Klinikum);1;2;1;036Z;CRS3035RES100mN3139400E4486800
0369;11325990;U Leipzig (Klinikum);0;2;1;036K;CRS3035RES100mN3138300E4487300
0370;11310100;TU Dresden in Dresden;1;2;1;037Z;CRS3035RES100mN3108300E4582400
0371;11310500;TU Dresden (ohne Klinikum);1;2;1;037Z;CRS3035RES100mN3108300E4582400
0372;11310200;TU Dresden in Tharandt;1;2;1;037X;CRS3035RES100mN3102900E4572400
0373;11310300;TU Dresden in Zittau (IHI);1;2;1;037Y;CRS3035RES100mN3098200E4658800
0379;11310990;TU Dresden (Klinikum);0;2;1;037K;CRS3035RES100mN3111700E4585700
0380;11305000;TU Chemnitz;1;2;1;038Z;CRS3035RES100mN3084900E4527100
0390;11320000;TU Bergakademie Freiberg;1;2;1;039Z;CRS3035RES100mN3095000E4555800
0490;11615000;U Jena;1;2;1;049Z;CRS3035RES100mN3092100E4432700
0491;11615100;U Jena (ohne Klinikum);1;2;1;049Z;CRS3035RES100mN3092100E4432700
0499;11615990;U Jena (Klinikum);0;2;1;049K;CRS3035RES100mN3092100E4432000
0500;10210000;U Bamberg;1;2;1;050Z;CRS3035RES100mN2976000E4384600
0510;10215000;U Bayreuth in Bayreuth;1;2;1;051Z;CRS3035RES100mN2980500E4434900
0511;10215100;U Bayreuth in Kulmbach;1;2;0;051Y;CRS3035RES100mN3000600E4424800
0520;10945000;U Oldenburg;1;2;1;052Z;CRS3035RES100mN3339300E4199300
0530;10950000;U Osnabrück;1;2;1;053Z;CRS3035RES100mN3242000E4187600
0540;10250000;U Passau;1;2;1;054Z;CRS3035RES100mN2834000E4575500
0551;10220100;Kath. U Eichstätt-Ingolstadt in Eichstätt (Kirchl. U);1;5;1;055Y;CRS3035RES100mN2864700E4408200
0552;10220200;Kath. U Eichstätt-Ingolstadt in Ingolstadt (Kirchl. U);1;5;1;055X;CRS3035RES100mN2851200E4425100
0560;40215000;Augustana-H Neuendettelsau (Kirchl.-Theol. H);1;5;0;056Z;CRS3035RES100mN2908100E4377600
0580;11620000;Bauhaus-U Weimar;1;2;1;058Z;CRS3035RES100mN3096700E4414300
0590;11610000;TU Ilmenau;1;2;1;059Z;CRS3035RES100mN3063900E4386800
0620;11605000;U Erfurt;1;2;1;062Z;CRS3035RES100mN3098300E4391900
0630;11345000;HHL Leipzig Graduate School of Management (Priv. U);1;4;0;063Z;CRS3035RES100mN3139100E4484800
0640;11315990;TU Dresden (Med. Fakultät);1;2;1;064Z;CRS3035RES100mN3111600E4586000
0650;11330990;U Leipzig (Med. Fakultät);1;2;1;065Z;CRS3035RES100mN3138300E4487600
0660;10510000;Constructor University Bremen gGmbH (Priv. U);0;4;0;066Z;CRS3035RES100mN3340800E4230600
0670;10330000;Europ. School of Management and Technology, Berlin (Priv. U);0;4;0;067Z;CRS3035RES100mN3272700E4551700
0680;10335000;Hertie School of Governance Berlin (Priv. U);0;4;0;068Z;CRS3035RES100mN3272400E4551000
0690;10615000;HafenCity Universität Hamburg;1;2;0;069Z;CRS3035RES100mN3381400E4321200
0700;60335000;bbw Hochschule Berlin (Priv. FH);0;4;0;070Z;CRS3035RES100mN3272000E4545900
0710;41012000;H für Kirchenmusik Herford-Witten (Kirchl.-Theol. H);0;5;0;071Z;CRS3035RES100mN3223200E4230900
0720;60264000;Internationale Hochschule SDI München-Hochschule für angewandte Wissenschaften (Priv. FH);0;4;0;072Z;CRS3035RES100mN2777100E4435100
0730;61640000;SRH FH für Gesundheit Gera (Priv. FH);0;4;0;073Z;CRS3035RES100mN3087500E4466800
0740;70910000;Norddeutsche Hochschule für Rechtspflege Hildesheim (Verw-FH);0;2;0;074Z;CRS3035RES100mN3226100E4317500
0750;70930000;Kommunale H für Verwaltung in Niedersachsen, Hannover (Priv. Verw-FH);0;4;0;075Z;CRS3035RES100mN3251200E4302000
0760;60347000;IB Hochschule für Gesundheit und Soziales Berlin in Berlin (Priv. FH);0;4;0;076Z;CRS3035RES100mN3279500E4545200
0761;60188000;IB Hochschule für Gesundheit und Soziales Berlin in Stuttgart (Priv. FH)  ;0;4;0;076Y;CRS3035RES100mN2851400E4259900
0762;60249000;IB Hochschule für Gesundheit und Soziales Berlin in München (Priv. FH) ;0;4;0;076X;CRS3035RES100mN2780500E4436700
0763;60672000;IB Hochschule für Gesundheit und Soziales Berlin in Hamburg (Priv. FH);0;4;0;076W;CRS3035RES100mN3372400E4317600
0764;61040000;IB Hochschule für Gesundheit und Soziales Berlin in Köln (Priv. FH);0;4;0;076V;CRS3035RES100mN3093300E4107500
0790;60336000;Akkon Hochschule Berlin (Priv. FH);0;4;0;079Z;CRS3035RES100mN3266000E4551600
0800;10620000;Helmut-Schmidt-Universität Hamburg;1;1;0;080Z;CRS3035RES100mN3384500E4328000
0811;10240001;U der Bundeswehr München (FB Universitätsstudiengänge);1;1;0;081Z;CRS3035RES100mN2775400E4443100
0812;10240002;U der Bundeswehr München (FB Fachhochschulstudiengänge);0;1;0;081Z;CRS3035RES100mN2775400E4443100
0821;60352000;Deutsche Hochschule für Gesundheit und Sport Berlin in Berlin (Priv. FH);0;4;0;082W;CRS3035RES100mN3272700E4546600
0822;60268000;Deutsche Hochschule für Gesundheit und Sport Berlin in Ismaning (Priv. FH);0;4;0;082X;CRS3035RES100mN2792000E4445900
0823;61067000;Deutsche Hochschule für Gesundheit und Sport Berlin in Unna (Priv. FH);0;4;0;082Y;CRS3035RES100mN3162800E4157100
0860;61215000;Deutsche Hochschule für Prävention und Gesundheitsmanagement, Saarbrücken (Priv. FH);0;4;0;086Z;CRS3035RES100mN2908500E4105200
0910;11080000;Deutsche Hochschule der Polizei, Münster (U) ;0;2;0;091Z;CRS3035RES100mN3201300E4158800
0930;61047000;EBZ Business School Bochum (Priv. FH);0;4;0;093Z;CRS3035RES100mN3152700E4127100
0940;40720000;Freie Theologische H (FTH) Gießen (Priv.-Theol. H) ;0;4;0;094Z;CRS3035RES100mN3052000E4228400
0950;11530990;Universitätsklinikum Schleswig-Holstein;0;2;1;095K;CRS3035RES100mN3469200E4330100
0960;10955000;Universität Vechta;1;2;1;096Z;CRS3035RES100mN3291500E4205700
0980;10935000;U Hildesheim;1;2;1;098Z;CRS3035RES100mN3224800E4319200
0990;10940100;U Lüneburg;1;2;1;099Z;CRS3035RES100mN3346700E4348000
1000;11510000;U Kiel;1;2;1;100Z;CRS3035RES100mN3470200E4328900
1010;11515000;U Lübeck;1;2;1;101Z;CRS3035RES100mN3414500E4367800
1020;10605000;U Hamburg;1;2;1;102Z;CRS3035RES100mN3384000E4320600
1021;10605100;U Hamburg (ohne Klinikum);1;2;1;102Z;CRS3035RES100mN3384000E4320600
1022;10605200;Staats- und Universitätsbibliothek Hamburg;0;2;1;102Z;CRS3035RES100mN3384100E4320000
1029;10605990;U Hamburg (Klinikum);1;2;1;102K;CRS3035RES100mN3386900E4319500
1030;10915000;U Göttingen;1;2;1;103Z;CRS3035RES100mN3158100E4316600
1031;10915100;U Göttingen (ohne Klinikum);1;2;1;103Z;CRS3035RES100mN3158100E4316600
1039;10915990;U Göttingen (Klinikum);0;2;1;103K;CRS3035RES100mN3159900E4317000
1040;10610000;Technische Universität Hamburg;1;2;1;104Z;CRS3035RES100mN3372800E4318900
1050;10505000;U Bremen;1;2;1;105Z;CRS3035RES100mN3333600E4244100
1060;10625000;Bucerius Law School Hamburg (Priv. U);1;4;0;106Z;CRS3035RES100mN3383400E4319800
1080;11015000;U Bochum;1;2;1;108Z;CRS3035RES100mN3151900E4130600
1081;11015100;U Bochum (ohne Klinikum);1;2;1;108Z;CRS3035RES100mN3151900E4130600
1089;11015990;U Bochum (Klinikum);0;2;1;108K;CRS3035RES100mN3154500E4127300
1090;11020000;U Bonn;1;2;1;109Z;CRS3035RES100mN3073100E4116500
1091;11020100;U Bonn (ohne Klinikum);1;2;1;109Z;CRS3035RES100mN3073100E4116500
1099;11020990;U Bonn (Klinikum);0;2;1;109K;CRS3035RES100mN3069400E4116400
1100;11030000;U Düsseldorf;1;2;1;110Z;CRS3035RES100mN3125200E4096800
1101;11030100;U Düsseldorf (ohne Klinikum);1;2;1;110Z;CRS3035RES100mN3125200E4096800
1109;11030990;U Düsseldorf (Klinikum);0;2;1;110K;CRS3035RES100mN3125700E4096600
1110;11045000;U Köln;1;2;1;111Z;CRS3035RES100mN3095400E4105000
1111;11045100;U Köln (ohne Klinikum);1;2;1;111Z;CRS3035RES100mN3095400E4105000
1119;11045990;U Köln (Klinikum);0;2;1;111K;CRS3035RES100mN3094700E4104200
1120;11055000;U Münster;1;2;1;112Z;CRS3035RES100mN3208600E4156900
1121;11055100;U Münster (ohne Klinikum);1;2;1;112Z;CRS3035RES100mN3208600E4156900
1129;11055990;U Münster (Klinikum);0;2;1;112K;CRS3035RES100mN3208400E4155400
1130;11025000;TU Dortmund;1;2;1;113Z;CRS3035RES100mN3156900E4141600
1140;11010000;U Bielefeld;1;2;1;114Z;CRS3035RES100mN3215300E4217600
1141;11010100;U Bielefeld (ohne Klinikum);1;2;1;114Z;CRS3035RES100mN3215300E4217600
1149;11010990;U Bielefeld (Klinikum);1;2;1;114K;CRS3035RES100mN3215300E4217600
1150;11050000;Deutsche Sporthochschule Köln (U);1;2;1;115Z;CRS3035RES100mN3096200E4101000
1160;10710000;U Frankfurt a.M.;1;2;1;116Z;CRS3035RES100mN3002500E4225800
1161;10710100;U Frankfurt a.M. (ohne Klinikum);1;2;1;116Z;CRS3035RES100mN3002500E4225800
1169;10710990;U Frankfurt a.M. (Klinikum);0;2;1;116K;CRS3035RES100mN2999100E4225100
1170;10715000;U Gießen;1;2;1;117Z;CRS3035RES100mN3052900E4227200
1180;10730000;U Marburg;1;2;1;118Z;CRS3035RES100mN3078300E4234500
1190;11135000;Wissenschaftliche H für Unternehmensführung, Vallendar (Priv. U);1;4;0;119Z;CRS3035RES100mN3034700E4151400
1200;11130000;U Trier;1;2;1;120Z;CRS3035RES100mN2964600E4082300
1210;11105000;Rheinland-Pfälzische Technische Universität in Kaiserslautern;1;2;1;121Z;CRS3035RES100mN2925900E4158100
1211;11105100;Rheinland-Pfälzische Technische Universität in Landau;1;2;0;121Y;CRS3035RES100mN2900700E4183000
1221;11115200;U Mainz in Mainz;1;2;1;122X;CRS3035RES100mN2988500E4195200
1222;11115100;U Mainz in Germersheim;1;2;1;122Y;CRS3035RES100mN2901600E4202300
1230;11125000;Deutsche Universität für Verwaltungswissenschaften Speyer;1;2;1;123Z;CRS3035RES100mN2912800E4205800
1240;10105000;U Freiburg i.Br.;1;2;1;124Z;CRS3035RES100mN2767300E4160300
1241;10105100;U Freiburg i.Br. (ohne Klinikum);1;2;1;124Z;CRS3035RES100mN2767200E4160300
1249;10105990;U Freiburg i.Br. (Klinikum);0;2;1;124K;CRS3035RES100mN2768100E4159700
1250;10110000;U Heidelberg in Heidelberg;1;2;1;125Z;CRS3035RES100mN2922800E4227000
1251;10110100;U Heidelberg in Heidelberg (ohne Klinikum);1;2;1;125Y;CRS3035RES100mN2922800E4227000
1252;10110200;U Heidelberg in Mannheim;1;2;1;125W;CRS3035RES100mN2932000E4211300
1258;10110980;U Heidelberg in Mannheim (Klinikum);0;2;1;125X;CRS3035RES100mN2932000E4211300
1259;10110990;U Heidelberg in Heidelberg (Klinikum);0;2;1;125K;CRS3035RES100mN2923800E4224300
1260;10125000;U Konstanz;1;2;1;126Z;CRS3035RES100mN2730900E4260000
1270;10140000;U Tübingen;1;2;1;127Z;CRS3035RES100mN2823800E4251500
1271;10140100;U Tübingen (ohne Klinikum);1;2;1;127Z;CRS3035RES100mN2823800E4251500
1279;10140990;U Tübingen (Klinikum);0;2;1;127K;CRS3035RES100mN2824200E4250700
1280;10150000;Wissenschaftliche H Bierbronnen (Priv. U);0;4;0;128Z;CRS3035RES100mN2731000E4185600
1291;11110200;Universität Koblenz;1;2;1;129X;CRS3035RES100mN3030700E4147200
1293;11110100;Universität Koblenz, Präsidialamt;0;2;1;129Y;CRS3035RES100mN2989300E4196200
1311;10225100;U Erlangen-Nürnberg in Erlangen;1;2;1;131Y;CRS3035RES100mN2943200E4393600
1312;10225200;U Erlangen-Nürnberg in Nürnberg;1;2;1;131X;CRS3035RES100mN2927800E4399700
1319;10225990;U Erlangen-Nürnberg in Erlangen (Klinikum);1;2;1;131K;CRS3035RES100mN2943600E4394000
1320;10230000;U München;1;2;1;132Z;CRS3035RES100mN2783100E4438600
1321;10230800;U München (ohne Klinikum);1;2;1;132Z;CRS3035RES100mN2783100E4438600
1322;10230200;U München in München;1;2;1;132X;CRS3035RES100mN2783100E4438600
1323;10230300;U München im Landkreis München;1;2;1;132Y;CRS3035RES100mN2793900E4436000
1329;10230990;U München (Klinikum);1;2;1;132K;CRS3035RES100mN2778500E4430300
1330;10260000;U Würzburg;1;2;1;133Z;CRS3035RES100mN2963900E4316300
1331;10260100;U Würzburg (ohne Klinikum);1;2;1;133Z;CRS3035RES100mN2963900E4316300
1339;10260990;U Würzburg (Klinikum);1;2;1;133K;CRS3035RES100mN2965300E4317600
1340;10255000;U Regensburg;1;2;1;134Z;CRS3035RES100mN2878400E4474200
1341;10255100;U Regensburg (ohne Klinikum);1;2;1;134Z;CRS3035RES100mN2878400E4474200
1349;10255990;U Regensburg (Klinikum);1;2;1;134K;CRS3035RES100mN2877000E4473900
1350;10205000;U Augsburg;1;2;1;135Z;CRS3035RES100mN2802700E4387600
1351;10205800;U Augsburg (ohne Klinikum);1;2;0;135Z;CRS3035RES100mN2802700E4387600
1359;10205990;U Augsburg (Klinikum);1;2;0;135K;CRS3035RES100mN2802700E4387600
1360;11205000;U des Saarlandes Saarbrücken in Saarbrücken;1;2;1;136Z;CRS3035RES100mN2908900E4105500
1361;11205100;U des Saarlandes Saarbrücken in Saarbrücken;1;2;1;136Y;CRS3035RES100mN2908900E4105500
1362;11205980;U des Saarlandes Saarbrücken in Homburg/Saar (Med. Fakultät);1;2;1;136X;CRS3035RES100mN2914600E4127800
1369;11205990;U des Saarlandes Saarbrücken in Homburg/Saar (Klinikum-LKH);0;2;1;136K;CRS3035RES100mN2914600E4127800
1378;10720980;Universitätsklinikum Gießen und Marburg, Abt. Gießen (Priv. H);0;4;1;137Y;CRS3035RES100mN3052500E4226400
1379;10720990;Universitätsklinikum Gießen und Marburg, Abt. Marburg (Priv. H);0;4;1;137X;CRS3035RES100mN3078900E4236800
1380;10305000;FU Berlin;1;2;1;138Z;CRS3035RES100mN3264800E4544300
1390;11120990;Universitätsmedizin der U Mainz;0;2;1;139Z;CRS3035RES100mN2988200E4196100
1410;60182000;Allensbach Hochschule Konstanz (Priv. FH);0;4;0;141Z;CRS3035RES100mN2729100E4257500
1430;10905000;TU Braunschweig;1;2;1;143Z;CRS3035RES100mN3240500E4357100
1440;10910000;TU Clausthal;1;2;1;144Z;CRS3035RES100mN3188300E4344000
1450;10920000;U Hannover;1;2;1;145Z;CRS3035RES100mN3252500E4301700
1460;10160000;Zeppelin Universität Friedrichshafen (Priv. U);1;4;0;146Z;CRS3035RES100mN2727400E4278400
1470;11340000;DIU-Dresden International University (Priv. U);1;4;0;147Z;CRS3035RES100mN3110800E4581800
1480;11005000;TH Aachen (U);1;2;1;148Z;CRS3035RES100mN3081400E4044500
1481;11005100;TH Aachen (ohne Klinikum);1;2;1;148Z;CRS3035RES100mN3081400E4044500
1489;11005990;TH Aachen (Klinikum);0;2;1;148K;CRS3035RES100mN3081300E4042000
1490;11075000;Universität Witten-Herdecke (Priv. U);1;4;1;149Z;CRS3035RES100mN3152300E4137300
1491;11075100;Universität Witten-Herdecke (Priv. U) (ohne Klinikum);1;4;1;149Z;CRS3035RES100mN3152300E4137300
1499;11075990;Universität Witten-Herdecke (Priv. U) (Klinikum);0;4;1;149K;CRS3035RES100mN3152300E4137000
1500;61048000;H für Finanzwirtschaft & Management Bonn (Priv. FH);0;4;0;150Z;CRS3035RES100mN3071700E4117100
1510;60765000;CVJM-Hochschule Kassel (Priv. FH);0;4;0;151Z;CRS3035RES100mN3132600E4280100
1520;10350000;International Psychoanalytic University Berlin (Priv. U);0;4;0;152Z;CRS3035RES100mN3273400E4547700
1530;10705000;TU Darmstadt;1;2;1;153Z;CRS3035RES100mN2974500E4224300
1541;10740100;EBS U für Wirtschaft und Recht in Oestrich-Winkel (Priv. U);1;4;0;154X;CRS3035RES100mN2989200E4178200
1542;10740200;EBS U für Wirtschaft und Recht in Wiesbaden (Priv. U);1;4;0;154Y;CRS3035RES100mN2996900E4195500
1550;40725000;Evangelische Hochschule Tabor in Marburg (Priv.-Theol. H);0;4;0;155Z;CRS3035RES100mN3079400E4235300
1561;60349000;Media University of Applied Sciences Berlin, Campus Berlin (Priv. FH);0;4;0;156Z;CRS3035RES100mN3275200E4550500
1562;61073000;Media University of Applied Sciences Berlin, Campus Köln (Priv. FH);0;4;0;156Y;CRS3035RES100mN3093600E4105900
1563;60758000;Media University of Applied Sciences Berlin, Campus Frankfurt (Priv. FH);0;4;0;156X;CRS3035RES100mN3001300E4223100
1570;60422000;Fachhochschule für Sport und Management Potsdam (Priv. FH);0;4;0;157Z;CRS3035RES100mN3255900E4526100
1580;10120000;Karlsruher Institut für Technologie (KIT) - Bereich Hochschule (U);1;2;1;158Z;CRS3035RES100mN2878600E4204700
1590;10135000;U Stuttgart;1;2;1;159Z;CRS3035RES100mN2852300E4260300
1600;60367000;Quadriga Hochschule Berlin (Priv. FH);0;4;0;160Z;CRS3035RES100mN3272700E4551500
1630;10235000;TU München;1;2;1;163Z;CRS3035RES100mN2782900E4437700
1631;10235100;TU München in München;1;2;1;163Y;CRS3035RES100mN2782900E4437700
1632;10235200;TU München in Weihenstephan;1;2;1;163X;CRS3035RES100mN2810600E4449000
1633;10235300;TU München in Garching;1;2;1;163W;CRS3035RES100mN2794500E4442400
1634;10235400;TU München in Straubing;1;2;1;163U;CRS3035RES100mN2866700E4510400
1635;10148000;TU München in Heilbronn;1;2;1;163J;CRS3035RES100mN2892900E4263900
1639;10235990;TU München in München (Klinikum);1;2;1;163K;CRS3035RES100mN2781600E4440000
1680;61065000;CBS International Business School, Campus Köln (Priv. FH);0;4;0;168Z;CRS3035RES100mN3094800E4106500
1681;61155000;CBS International Business School, Campus Mainz (Priv. FH);0;4;0;168Y;CRS3035RES100mN2988400E4197700
1682;61065100;CBS International Business School, Campus Brühl (Priv. FH);0;4;0;168X;CRS3035RES100mN3084800E4103000
1683;61065200;CBS International Business School, Campus Neuss (Priv. FH);0;4;0;168W;CRS3035RES100mN3126500E4091200
1690;10310000;TU Berlin;1;2;1;169Z;CRS3035RES100mN3272100E4546700
1700;10325000;ESCP Europe Wirtschaftshochschule Berlin (Priv. U);0;4;0;170Z;CRS3035RES100mN3273300E4544100
1710;10245000;H für Politik München (U);0;2;0;171Z;CRS3035RES100mN2782700E4437300
1730;10925000;Medizinische H Hannover (U);1;2;1;173Z;CRS3035RES100mN3252700E4307700
1731;10925100;Medizinische H Hannover (ohne Klinikum);1;2;1;173Z;CRS3035RES100mN3252700E4307700
1739;10925990;Medizinische H Hannover (Klinikum);0;2;1;173K;CRS3035RES100mN3252700E4307700
1740;10930000;Tierärztliche H Hannover (U);1;2;1;174Z;CRS3035RES100mN3249400E4307200
1760;60334000;BSP Business and Law School - Hochschule für Management und Recht Berlin in Berlin (Priv. FH);0;4;0;176Z;CRS3035RES100mN3264000E4547200
1761;60670000;BSP Business and Law School - Hochschule für Management und Recht Berlin in Hamburg (Priv. FH);0;4;0;176X;CRS3035RES100mN3381500E4320500
1770;61011000;Hochschule für Gesundheit Bochum (FH);0;2;0;177Z;CRS3035RES100mN3152000E4129600
1780;60912000;Hochschule Weserbergland (HSW), Hameln (Priv. FH);0;4;0;178Z;CRS3035RES100mN3221100E4276800
1790;60520000;IU Internationale Hochschule Erfurt in Bremen (Priv. FH) ;0;4;0;179Z;CRS3035RES100mN3333300E4244600
1800;10115000;U Hohenheim;1;2;1;180Z;CRS3035RES100mN2844500E4263100
1810;10130000;U Mannheim;1;2;1;181Z;CRS3035RES100mN2931100E4209500
1820;10145000;U Ulm;1;2;1;182Z;CRS3035RES100mN2812300E4317600
1821;10145100;U Ulm (ohne Klinikum);1;2;1;182Z;CRS3035RES100mN2812300E4317600
1829;10145990;U Ulm (Klinikum);0;2;1;182K;CRS3035RES100mN2812200E4317300
1830;10170000;Freie Hochschule Stuttgart, Seminar für Waldorfpädagogik (Priv. U);0;4;0;183Z;CRS3035RES100mN2852400E4261700
1840;10355000;Psychologische Hochschule Berlin (Priv. U);0;4;0;184Z;CRS3035RES100mN3272400E4552800
1850;61365000;Fachhochschule Dresden (Priv. FH);0;4;0;185Z;CRS3035RES100mN3110700E4584100
1870;60647000;Brand University Hamburg (Priv. FH);0;4;0;187Z;CRS3035RES100mN3382000E4316400
1880;60650000;MSH Medical School Hamburg (Priv. FH);0;4;0;188Z;CRS3035RES100mN3381500E4320500
1890;10360000;Bard College Berlin, A Liberal Arts University (Priv. U);0;4;0;189Z;CRS3035RES100mN3280300E4550900
1910;60965000;Leibniz - Fachhochschule Hannover (Priv. FH);0;4;0;191Z;CRS3035RES100mN3245700E4308600
1921;60363000;VICTORIA - Internationale Hochschule Berlin in Berlin (Priv. FH);0;4;0;192Z;CRS3035RES100mN3271500E4550200
1922;60184000;VICTORIA - Internationale Hochschule Berlin in Baden Baden (Priv. FH);0;4;0;192Y;CRS3035RES100mN2853300E4188500
1940;60163000;Internationale Hochschule Liebenzell (Kirchl. FH);0;5;0;194Z;CRS3035RES100mN2851800E4227400
1950;61043000;Fliedner Fachhochschule Düsseldorf (Priv. FH);0;4;0;195Z;CRS3035RES100mN3137000E4094200
1960;10630000;KLU Kühne Logistics University (Priv. U);0;4;0;196Z;CRS3035RES100mN3381400E4320600
1970;60175000;Hochschule der Wirtschaft für Management (HdWM) Mannheim (Priv. FH);0;4;0;197Z;CRS3035RES100mN2929600E4211100
1990;60340000;Medical School Berlin, H für Gesundheit und Medizin (Priv. FH);0;4;0;199Z;CRS3035RES100mN3267300E4545900
2000;40710000;Theol. Fakultät Fulda (Kirchl.-Theol. H);1;5;0;200Z;CRS3035RES100mN3049200E4297600
2020;40705000;Phil.-Theol. H Frankfurt a.M. (Kirchl.-Theol. H);1;5;0;202Z;CRS3035RES100mN2999300E4228900
2030;41020000;Theol. Fakultät Paderborn (Kirchl.-Theol. H);1;5;0;203Z;CRS3035RES100mN3179100E4234900
2040;41105000;Theol. Fakultät Trier (Kirchl.-Theol. H);1;5;0;204Z;CRS3035RES100mN2964700E4082300
2050;41110000;Vinzenz Pallotti University Vallendar (Kirchl.-Theol. H);1;5;0;205Z;CRS3035RES100mN3034900E4152300
2060;41025000;Kölner H für Katholische Theologie (Kirchl.-Theol. H);0;5;0;206Z;CRS3035RES100mN3094400E4103400
2080;41015000;Phil.-Theol. H Münster (Kirchl.-Theol. H);0;5;0;208Z;CRS3035RES100mN3208100E4159300
2100;60267000;SRH Wilhelm Löhe Hochschule, Fürth (Priv. FH);0;4;1;210Z;CRS3035RES100mN2927900E4393300
2150;60178000;Hochschule Fresenius Heidelberg (Priv. FH);0;4;0;215Z;CRS3035RES100mN2919800E4225100
2170;40210000;H für Philosophie München (Kirchl.-Theol. H);1;5;0;217Z;CRS3035RES100mN2782900E4438800
2200;60728000;Hochschule Geisenheim University (FH);0;2;1;220Z;CRS3035RES100mN2987800E4174700
2211;60259200;HDBW Hochschule der Bayerischen Wirtschaft für angewandte Wissenschaften in München (Priv. FH);0;4;0;221W;CRS3035RES100mN2781800E4446700
2220;40717000;Theologische H Ewersbach in Dietzhölztal (Priv.-Theol. H);0;4;0;222Z;CRS3035RES100mN3082500E4201300
2240;60361000;Hochschule für angewandte Pädagogik Berlin (Priv. FH);0;4;0;224Z;CRS3035RES100mN3266600E4560800
2272;41035200;Kirchliche Hochschule Wuppertal (Kirchl.-Theol. H);1;5;0;227X;CRS3035RES100mN3132100E4123500
2280;61059000;IST-Hochschule für Management Düsseldorf (Priv. FH);0;4;0;228Z;CRS3035RES100mN3128000E4098500
2290;60364000;Berlin International University of Applied Sciences (Priv. FH);0;4;0;229Z;CRS3035RES100mN3272600E4546800
2300;10175000;H für jüdische Studien Heidelberg (Kirchl. U);0;5;0;230Z;CRS3035RES100mN2922700E4226700
2320;40715000;Luth.-Theologische H Oberursel (Kirchl.-Theol. H) ;0;5;0;232Z;CRS3035RES100mN3011800E4217800
2350;41405000;Theol. H Friedensau (Kirchl.-Theol. H);0;5;0;235Z;CRS3035RES100mN3235300E4456600
2360;60930000;FH für Interkulturelle Theologie Hermannsburg (Priv. FH);0;4;0;236Z;CRS3035RES100mN3302600E4327800
2381;60180300;	VWA-Hochschule für berufsbegleitendes Studium Stuttgart in Stuttgart (Priv. FH);0;4;0;238V;CRS3035RES100mN2852800E4261500
2382;60180100;VWA-Hochschule für berufsbegleitendes Studium Stuttgart in Freiburg (Priv. FH);0;4;0;238T;CRS3035RES100mN2767100E4160100
2383;60180200;VWA-Hochschule für berufsbegleitendes Studium Stuttgart in Karlsruhe (Priv. FH);0;4;0;238U;CRS3035RES100mN2878800E4202100
2384;60180400;VWA-Hochschule für berufsbegleitendes Studium Stuttgart in Ulm (Priv. FH);0;4;0;238W;CRS3035RES100mN2809800E4319900
2410;60642000;Northern Business School Hamburg (Priv. FH);0;4;0;241Z;CRS3035RES100mN3384700E4327900
2420;10420000;Medizinische Hochschule Brandenburg in Neuruppin (Priv. U);0;4;0;242Z;CRS3035RES100mN3314400E4509200
2421;10420100;Medizinische Hochschule Brandenburg in Neuruppin (Priv. U) ( ohne Klinikum);0;4;0;242Z;CRS3035RES100mN3314400E4509200
2429;10420990;Medizinische Hochschule Brandenburg in Neuruppin (Priv. U) (Klinikum);0;4;0;242K;CRS3035RES100mN3314400E4509200
2430;51040000;Alanus H Alfter (Priv. Kunst-H);0;4;0;243Z;CRS3035RES100mN3074600E4111200
2440;61055100;praxisHochschule Köln in Köln (Priv. FH);0;4;0;244Z;CRS3035RES100mN3098300E4107100
2441;61055200;praxisHochschule Köln in Rheine (Priv. FH);0;4;0;244Y;CRS3035RES100mN3243700E4145300
2490;51320000;Palucca Hochschule für Tanz Dresden (Kunst-H);0;2;0;249Z;CRS3035RES100mN3108700E4585400
2500;50610000;H für Musik und Theater Hamburg (Kunst-H);0;2;1;250Z;CRS3035RES100mN3384700E4320900
2510;50310000;Weißensee Kunsthochschule Berlin (Kunst-H);0;2;1;251Z;CRS3035RES100mN3277600E4554100
2520;50315000;H für Musik Berlin (Kunst-H);0;2;1;252Z;CRS3035RES100mN3272500E4551100
2530;50910000;Hochschule für Musik, Theater und Medien Hannover (Kunst-H);1;2;1;253Z;CRS3035RES100mN3252000E4304200
2540;50320000;H für Schauspielkunst Berlin (Kunst-H);0;2;1;254Z;CRS3035RES100mN3274500E4550400
2550;10425000;Filmuniversität Babelsberg;0;2;1;255Z;CRS3035RES100mN3257700E4533100
2561;51005000;H für Musik Detmold (Kunst-H);0;2;1;256Z;CRS3035RES100mN3202900E4243700
2571;51020400;Folkwang U der Künste Essen in Essen (Kunst-H);0;2;1;257V;CRS3035RES100mN3146100E4112400
2572;51020300;Folkwang U der Künste Essen in Duisburg (Kunst-H);0;2;1;257W;CRS3035RES100mN3151700E4096100
2573;51020100;Folkwang U der Künste Essen in Bochum (Kunst-H);0;2;1;257Y;CRS3035RES100mN3154800E4128200
2574;51020200;Folkwang U der Künste Essen in Dortmund (Kunst-H);0;2;1;257X;CRS3035RES100mN3159300E4145100
2581;51030200;H für Musik und Tanz Köln in Köln (Kunst-H);0;2;1;258X;CRS3035RES100mN3097300E4107400
2582;51030100;H für Musik und Tanz Köln in Aachen (Kunst-H);0;2;1;258Y;CRS3035RES100mN3080700E4045100
2583;51030300;H für Musik und Tanz Köln in Wuppertal (Kunst-H);0;2;1;258W;CRS3035RES100mN3132700E4125300
2590;51510000;Musikhochschule Lübeck (Kunst-H);0;2;1;259Z;CRS3035RES100mN3417700E4365800
2600;51405000;Burg Giebichenstein Kunsthochschule Halle (Kunst-H);0;2;1;260Z;CRS3035RES100mN3155100E4456900
2610;50505000;H für Künste Bremen (Kunst-H);0;2;1;261Z;CRS3035RES100mN3332800E4238400
2620;50710000;H für Musik und Darstellende Kunst Frankfurt a.M. (Kunst-H);0;2;1;262Z;CRS3035RES100mN3001700E4226200
2630;51305000;H für Bildende Künste Dresden (Kunst-H);0;2;1;263Z;CRS3035RES100mN3111400E4584400
2640;51325000;H für Graphik und Buchkunst Leipzig (Kunst-H);0;2;1;264Z;CRS3035RES100mN3138500E4485900
2650;50105000;Staatl. H für Musik Freiburg i.Br. (Kunst-H);0;2;1;265Z;CRS3035RES100mN2766100E4162100
2660;50125000;Staatl. H für Musik und Darstellende Kunst Mannheim (Kunst-H);0;2;1;266Z;CRS3035RES100mN2931200E4210100
2670;50120000;Staatl. H für Musik Karlsruhe (Kunst-H);0;2;1;267Z;CRS3035RES100mN2878000E4205800
2690;50135000;Staatl. H für Musik und Darstellende Kunst Stuttgart (Kunst-H);0;2;1;269Z;CRS3035RES100mN2852000E4261100
2700;50140000;Staatl. H für Musik Trossingen (Kunst-H);0;2;1;270Z;CRS3035RES100mN2774400E4219400
2710;50230000;H für Musik Würzburg (Kunst-H);0;2;1;271Z;CRS3035RES100mN2964700E4316700
2720;50215000;H für Musik und Theater München (Kunst-H);0;2;1;272Z;CRS3035RES100mN2782600E4437700
2730;50210000;H für Fernsehen und Film München (Kunst-H);0;2;1;273Z;CRS3035RES100mN2782600E4437800
2740;51330000;H für Musik und Theater Leipzig (Kunst-H);0;2;1;274Z;CRS3035RES100mN3138400E4485900
2760;51210000;Hochschule für Musik Saarbrücken (Kunst-H);0;2;1;276Z;CRS3035RES100mN2906400E4102300
2770;51205000;H der Bildenden Künste Saarbrücken (Kunst-H);0;2;1;277Z;CRS3035RES100mN2906600E4101400
2790;50305000;U der Künste Berlin (Kunst-H);1;2;1;279Z;CRS3035RES100mN3272700E4546400
2800;51315000;H für Musik Dresden (Kunst-H);0;2;1;280Z;CRS3035RES100mN3111300E4582000
2810;50605000;H für Bildende Künste Hamburg (Kunst-H);0;2;1;281Z;CRS3035RES100mN3384300E4323000
2830;50905000;H für Bildende Künste Braunschweig (Kunst-H);1;2;1;283Z;CRS3035RES100mN3238800E4355300
2850;51605000;H für Musik Weimar (Kunst-H);1;2;1;285Z;CRS3035RES100mN3097100E4414500
2860;51010000;Kunstakademie Düsseldorf (Kunst-H);0;2;1;286Z;CRS3035RES100mN3129300E4095700
2870;51015000;Robert-Schumann-H Düsseldorf (Kunst-H);0;2;1;287Z;CRS3035RES100mN3130600E4095700
2880;51025000;KH für Medien Köln (Kunst-H);0;2;1;288Z;CRS3035RES100mN3095800E4107500
2890;51035000;Kunstakademie Münster (Kunst-H);0;2;1;289Z;CRS3035RES100mN3209800E4156100
2900;50705000;H für Bildende Künste - Städelschule Frankfurt a.M. (Kunst-H);0;2;0;290Z;CRS3035RES100mN2999700E4226200
2920;50715000;H für Gestaltung Offenbach (Kunst-H);0;2;1;292Z;CRS3035RES100mN3000100E4232600
2930;51310000;H für Kirchenmusik der Evang.-Luth. Landeskirche Sachsens, Dresden (Kirchl. Kunst-H);0;5;0;293Z;CRS3035RES100mN3112000E4587200
2940;50115000;Staatl. H für Gestaltung Karlsruhe (Kunst-H);1;2;1;294Z;CRS3035RES100mN2877800E4202600
2950;50110000;Staatl. Akademie der Bildenden Künste Karlsruhe (Kunst-H);0;2;1;295Z;CRS3035RES100mN2879000E4203000
2960;50130000;Staatl. Akademie der Bildenden Künste Stuttgart (Kunst-H);1;2;1;296Z;CRS3035RES100mN2854400E4260300
2980;50205000;Akademie der Bildenden Künste München (Kunst-H);0;2;1;298Z;CRS3035RES100mN2783400E4438600
2990;50220000;Akademie der Bildenden Künste Nürnberg (Kunst-H);0;2;1;299Z;CRS3035RES100mN2926500E4403400
3000;51410000;Evang. H für Kirchenmusik Halle (Kirchl. Kunst-H);0;5;0;300Z;CRS3035RES100mN3154500E4457500
3011;50225200;H für Musik Nürnberg (Kunst-H);0;2;0;301X;CRS3035RES100mN2927900E4401300
3020;50235000;H für evang. Kirchenmusik Bayreuth (Kirchl. Kunst-H);0;5;0;302Z;CRS3035RES100mN2981900E4433800
3030;50805000;H für Musik und Theater Rostock (Kunst-H);0;2;1;303Z;CRS3035RES100mN3444800E4461200
3040;50240000;H für kath. Kirchenmusik und Musikpädagogik, Regensburg (Kirchl. Kunst-H);0;5;0;304Z;CRS3035RES100mN2881200E4474500
3051;61038100;H Ruhr-West (FH) in Bottrop;0;2;1;305Y;CRS3035RES100mN3161900E4107800
3052;61038200;H Ruhr-West (FH) in Mülheim;0;2;1;305X;CRS3035RES100mN3148400E4107700
3061;61034100;H Rhein-Waal in Kleve (FH);0;2;1;306Y;CRS3035RES100mN3194000E4055100
3062;61034200;H Rhein-Waal in Kamp-Lintfort (FH);0;2;1;306X;CRS3035RES100mN3160100E4081100
3071;61022100;H Hamm-Lippstadt in Hamm (FH);0;2;1;307Y;CRS3035RES100mN3176800E4171600
3072;61022200;H Hamm-Lippstadt in Lippstadt (FH);0;2;1;307X;CRS3035RES100mN3174900E4207700
3080;51045000;Hochschule der bildenden Künste (HBK) Essen  (Priv. Kunst-H);0;4;0;308Z;CRS3035RES100mN3146200E4117600
3090;61070000;HSD Hochschule Döpfer Potsdam in Köln (Priv. FH);0;4;0;309Z;CRS3035RES100mN3095600E4107000
3091;60269000;HSD Hochschule Döpfer Potsdam in Regensburg (Priv. FH);0;4;0;309Y;CRS3035RES100mN2880400E4473100
3092;60424000;HSD Hochschule Döpfer Potsdam in Potsdam (Priv. FH);0;4;0;309X;CRS3035RES100mN3258400E4531200
3100;11505000;EUF Europa-Universität Flensburg;1;2;1;310Z;CRS3035RES100mN3519000E4286100
3121;60177100;Hochschule für Kommunikation und Gestaltung in Stuttgart (Priv. FH);0;4;0;312X;CRS3035RES100mN2856800E4262400
3122;60177200;Hochschule für Kommunikation und Gestaltung in Ulm (Priv. FH);0;4;0;312Y;CRS3035RES100mN2808800E4320000
3130;50330000;Barenboim-Said Akademie Berlin (Priv. Kunst-H);0;4;0;313Z;CRS3035RES100mN3272700E4551400
3140;60357000;CODE University of Applied Sciences Berlin (Priv. FH);0;4;0;314Z;CRS3035RES100mN3270500E4554900
3230;61150000;H für Gesellschaftsgestaltung Koblenz (Priv. FH);0;4;0;323Z;CRS3035RES100mN3030500E4150100
3241;61645100;Duale Hochschule Gera-Eisenach in Eisenach (FH);0;2;0;324X;CRS3035RES100mN3096900E4343400
3242;61645200;Duale Hochschule Gera-Eisenach in Gera (FH);0;2;0;324Y;CRS3035RES100mN3090100E4466500
3250;60435000;Hochschule Clara Hoffbauer Potsdam (Priv. FH);0;4;0;325Z;CRS3035RES100mN3257000E4527600
3260;61540000;DHSH - Duale Hochschule Schleswig-Holstein, Kiel (Priv. FH);0;4;0;326Z;CRS3035RES100mN3472600E4329000
3270;10365000;German International University Berlin (Priv. U);0;4;0;327Z;CRS3035RES100mN3279700E4543800
3290;10430000;HMU Health and Medical University Erfurt in Potsdam (Priv. U);0;4;0;329Z;CRS3035RES100mN3260100E4530700
3291;11625000;HMU Health and Medical University Erfurt in Erfurt (Priv. U);0;4;0;329Y;CRS3035RES100mN3098200E4392000
3360;60345000;Digital Business University Berlin (Priv. FH);0;4;0;336Z;CRS3035RES100mN3271100E4553200
3370;10227000;Technische Universität Nürnberg;1;2;0;337Z;CRS3035RES100mN2924600E4398800
3430;60608000;Berufliche Hochschule Hamburg (FH);0;2;0;343Z;CRS3035RES100mN3382900E4323300
3490;60440000;XU Exponential University Potsdam (Priv. FH);0;4;0;349Z;CRS3035RES100mN3257700E4533400
3500;10415000;U Potsdam;1;2;1;350Z;CRS3035RES100mN3258800E4526000
3640;60445000;GISMA Business School Potsdam (Priv. FH);0;4;0;364Z;CRS3035RES100mN3262700E4528600
3660;30105000;PH Freiburg i.Br.;1;2;1;366Z;CRS3035RES100mN2765200E4163600
3670;30110000;PH Heidelberg;1;2;1;367Z;CRS3035RES100mN2923800E4225500
3680;30115000;PH Karlsruhe;1;2;1;368Z;CRS3035RES100mN2879000E4203400
3700;30125000;PH Schwäbisch Gmünd;1;2;1;370Z;CRS3035RES100mN2853100E4308400
3711;30120100;PH Ludwigsburg;1;2;1;371Y;CRS3035RES100mN2866500E4261000
3720;60751000;UoL-University of Labour Frankfurt (Priv. FH) ;0;4;0;372Z;CRS3035RES100mN3002800E4226000
3780;30130000;PH Weingarten;1;2;1;378Z;CRS3035RES100mN2744100E4294300
3790;61044000;Kolping H, Köln (Priv. FH);0;4;0;379Z;CRS3035RES100mN3096400E4106400
3880;60748000;Tomorrow University of Applied Sciences, Frankfurt a. M. (Priv.FH);0;4;0;388X;CRS3035RES100mN3000700E4224700
3890;60355000;Humanistische Hochschule Berlin (Priv. FH);0;4;0;389Z;CRS3035RES100mN3272500E4552500
3900;60162000;IFAA Hochschule Ketsch (Priv. FH);0;4;0;390Z;CRS3035RES100mN2917700E4215100
3930;61550000;Promotionskolleg Schleswig-Holstein an der FH Kiel;0;2;0;393Z;CRS3035RES100mN3469500E4332700
3940;60772000;Promotionszentrum Mobilität und Logistik, Frankfurt am Main;0;2;0;394Z;CRS3035RES100mN3002700E4227500
3950;61037000;Promotionskolleg NRW, Bochum (FH);0;2;0;395Z;CRS3035RES100mN3152400E4131700
3971;10407100;Brandenburgische TU Cottbus-Senftenberg in Cottbus;1;2;0;397X;CRS3035RES100mN3192900E4619500
3972;10407200;Brandenburgische TU Cottbus-Senftenberg in Senftenberg;1;2;0;397Y;CRS3035RES100mN3164200E4597500
3980;60768000;Promotionszentrum Soziale Arbeit, Wiesbaden;0;2;0;398Z;CRS3035RES100mN2998000E4193400
3990;60770000;Promotionszentrum Angewandte Informatik, Darmstadt;0;2;0;399Z;CRS3035RES100mN2973500E4222600
4020;B0610100;Berufsakademie Hamburg (Private BA);0;4;0;402Z;CRS3035RES100mN3372200E4320600
4030;B0705100;Akademie für Tonkunst Darmstadt;0;1;0;403Z;CRS3035RES100mN2971700E4224200
4040;B0710100;Berufsakademie Rhein-Main Rödermark (Private BA);0;4;0;404Z;CRS3035RES100mN2985400E4235300
4050;B0715100;Brüder-Grimm-Berufsakademie Hanau (Private BA);0;4;0;405Z;CRS3035RES100mN3002100E4243600
4060;B0720100;Dr. Hoch's Konservatorium - Musikakademie Frankfurt am Main;0;1;0;406Z;CRS3035RES100mN3000500E4227900
4070;B0725100;Europäische Studienakademie Kälte-Klima-Lüftung (ESaK) Maintal (Private BA);0;4;0;407Z;CRS3035RES100mN3003900E4235900
4081;B0730100;Hessische Berufsakademie Frankfurt, Studienort Frankfurt (Private BA);0;4;0;408Y;CRS3035RES100mN3001300E4223100
4082;B0730150;Hessische Berufsakademie Frankfurt, Studienort Kassel (Private BA);0;4;0;408X;CRS3035RES100mN3134100E4285000
4091;B0760200;Intern. Berufsakademie der F+U Unternehmensgruppe Darmstadt (iba), Studienort Darmstadt (Priv.);0;4;0;409W;CRS3035RES100mN2974400E4222600
4092;B0760450;Intern. Berufsakademie der F+U Unternehmensgruppe Darmstadt (iba), Studienort Kassel (Priv.);0;4;0;409R;CRS3035RES100mN3133900E4285100
4094;B0760400;Intern. Berufsakademie der F+U Unternehmensgruppe Darmstadt (iba), Studienort Heidelberg (Priv.);0;4;0;409S;CRS3035RES100mN2922200E4224700
4095;B0760600;Intern. Berufsakademie der F+U Unternehmensgruppe Darmstadt (iba), Studienort München (Priv.);0;4;0;409O;CRS3035RES100mN2781800E4436700
4096;B0760650;Intern. Berufsakademie der F+U Unternehmensgruppe Darmstadt (iba), Studienort Nürnberg (Priv.);0;4;0;409N;CRS3035RES100mN2926300E4398700
4097;B0760100;Intern. Berufsakademie der F+U Unternehmensgruppe Darmstadt (iba), Studienort Berlin (Priv.);0;4;0;409Y;CRS3035RES100mN3271500E4550200
4098;B0760350;Intern. Berufsakademie der F+U Unternehmensgruppe Darmstadt (iba), Studienort Hamburg (Priv.);0;4;0;409T;CRS3035RES100mN3381800E4322600
4099;B0760150;Intern. Berufsakademie der F+U Unternehmensgruppe Darmstadt (iba), Studienort Bochum (Priv.);0;4;0;409X;CRS3035RES100mN3154600E4128300
409A;B0760500;Intern. Berufsakademie der F+U Unternehmensgruppe Darmstadt (iba), Studienort Köln (Priv.);0;4;0;409Q;CRS3035RES100mN3096500E4103500
409B;B0760550;Intern. Berufsakademie der F+U Unternehmensgruppe Darmstadt (iba), Studienort Leipzig (Priv.);0;4;0;409P;CRS3035RES100mN3139700E4486400
409C;B0760250;Intern. Berufsakademie der F+U Unternehmensgruppe Darmstadt (iba), Studienort Erfurt (Priv.);0;4;0;409V;CRS3035RES100mN3096200E4393300
409D;B0760620;Intern. Berufsakademie der F+U Unternehmensgruppe Darmstadt (iba), Studienort Münster (Priv.);0;4;0;409M;CRS3035RES100mN3208000E4158400
4100;B0770100;Musikakademie der Stadt Kassel Louis Spohr;0;1;0;410Z;CRS3035RES100mN3133500E4285700
4110;B0775100;Private Berufsakademie Fulda;0;4;0;411Z;CRS3035RES100mN3048700E4298300
4120;B0785100;Wiesbadener Musikakademie (WMA);0;1;0;412Z;CRS3035RES100mN2997900E4195100
4130;B0910100;Berufsakademie Holztechnik Melle (Private BA);0;4;0;413Z;CRS3035RES100mN3233400E4206000
4141;B0915100;Berufsakademie für Bankwirtschaft Hannover-Rastede, Studienort Hannover (Private BA);0;4;0;414Y;CRS3035RES100mN3252700E4309000
4142;B0915150;Berufsakademie für Bankwirtschaft Hannover-Rastede, Studienort Rastede (Private BA);0;4;0;414X;CRS3035RES100mN3348800E4201000
4150;B0920100;Berufsakademie für IT und Wirtschaft Oldenburg (Private BA);0;4;0;415Z;CRS3035RES100mN3339400E4200600
4160;B0925100;Berufsakademie Göttingen (Private BA);0;4;0;416Z;CRS3035RES100mN3158700E4314800
4170;B0930100;Berufsakademie Lüneburg (Private BA);0;4;0;417Z;CRS3035RES100mN3346300E4347500
4190;B0940100;Berufsakademie Welfenakademie Braunschweig (Private BA);0;4;0;419Z;CRS3035RES100mN3236400E4358100
4200;B0615100;Berufsakademie Nord GmbH, University of Cooperative Education Hamburg (Private BA)	;0;4;0;420Z;CRS3035RES100mN3384300E4324700
4210;B1215100;ASW - Berufsakademie Saarland Neunkirchen (Private BA) ;0;4;0;421Z;CRS3035RES100mN2919000E4115300
4220;B1220100;BA GSS - Berufsakademie für Gesundheits- und Sozialwesen Saarland gGmbH, Saarbrücken (Private BA);0;4;0;422Z;CRS3035RES100mN2907600E4099100
4230;B1225200;ISBA gGmbH - Internationale Studien- und Berufsakademie, Saarbrücken (Private BA);0;4;0;423Z;CRS3035RES100mN2906800E4102100
4241;B1310100;Berufsakademie Sachsen - Staatliche Studienakademie, Studienort Bautzen;0;1;0;424Y;CRS3035RES100mN3128300E4630900
4242;B1310150;Berufsakademie Sachsen - Staatliche Studienakademie, Studienort Breitenbrunn;0;1;0;424X;CRS3035RES100mN3044500E4515900
4243;B1310200;Berufsakademie Sachsen - Staatliche Studienakademie, Studienort Dresden;0;1;0;424W;CRS3035RES100mN3111300E4584600
4244;B1310250;Berufsakademie Sachsen - Staatliche Studienakademie, Studienort Glauchau;0;1;0;424V;CRS3035RES100mN3082100E4501100
4245;B1310300;Berufsakademie Sachsen - Staatliche Studienakademie, Studienort Leipzig;0;1;0;424U;CRS3035RES100mN3135800E4481500
4246;B1310350;Berufsakademie Sachsen - Staatliche Studienakademie, Studienort Riesa;0;1;0;424T;CRS3035RES100mN3139000E4550200
4247;B1310400;Berufsakademie Sachsen - Staatliche Studienakademie, Studienort Plauen;0;1;0;424S;CRS3035RES100mN3044900E4472300
4260;B0718000;Deutsche Berufsakademie Sport und Gesundheit (dba) in Baunatal (Private BA);0;4;0;426Z;CRS3035RES100mN3127100E4278400
4270;B0945100;Berufsakademie Wilhelmshaven (Private BA);0;4;0;427Z;CRS3035RES100mN3386500E4195100
4280;B1230100;Berufsakademie Heimerer GmbH, Quierschied (Private BA);0;4;0;428Z;CRS3035RES100mN2915300E4105500
4840;60287000;Promotionszentrum Digitale Technologien und ihre Anwendung,  Deggendorf;0;2;0;484Z;CRS3035RES100mN2861700E4538000
4850;60288000;Promotionszentrum Analytics4Health, Coburg;0;2;0;485Z;CRS3035RES100mN3017400E4388800
4860;60289000;Promotionszentrum Ressourceneffizienz und Digitalisierung, Amberg-Weiden;0;2;0;486Z;CRS3035RES100mN2927300E4455000
4870;60290000;Promotionszentrum Künstliche Intelligenz/Informatik, Ingolstadt ;0;2;0;487Z;CRS3035RES100mN2851400E4426300
4880;60291000;Promotionszentrum Ingenieurwissenschaften, Ingolstadt;0;2;0;488Z;CRS3035RES100mN2851400E4426300
4890;60292000;Promotionszentrum Integrales Bauen, München;0;2;0;489Z;CRS3035RES100mN2783400E4436600
4900;60293000;Promotionszentrum DIWAG, Neu-Ulm	;0;2;0;490Z;CRS3035RES100mN2807400E4321600
4910;60294000;Promotionszentrum Angewandte Informatik, Regensburg;0;2;0;491Z;CRS3035RES100mN2880300E4472400
4920;60295000;Promotionszentrum Materialien und Produktionstechnik, Nürnberg;0;2;0;492Z;CRS3035RES100mN2927200E4400200
4930;60296000;Promotionszentrum CARRI, München;0;2;0;493Z;CRS3035RES100mN2783400E4436600
4940;60438000;GU- Deutsche Hochschule für angewandte Wissenschaften, Potsdam (Priv. FH);0;4;0;494Z;CRS3035RES100mN3259400E4528700
4950;61046000;INU - Innovative University of Applied Sciences, Köln (Priv. FH);0;4;0;495Z;CRS3035RES100mN3097500E4102400
4960;60185000;media Akademie - Hochschule Stuttgart (Priv. FH);0;4;0;496Z;CRS3035RES100mN2851300E4260200
4981;60920300;Hochschule Wilhelmshaven/Oldenburg/Elsfleth in Wilhelmshaven (FH);0;2;1;498Y;CRS3035RES100mN3383900E4194200
4982;60920200;Hochschule Wilhelmshaven/Oldenburg/Elsfleth in Oldenburg (FH);0;2;1;498X;CRS3035RES100mN3338500E4200600
4983;60920100;Hochschule Wilhelmshaven/Oldenburg/Elsfleth in Elsfleth (FH);0;2;1;498W;CRS3035RES100mN3349300E4218600
4991;60907100;Hochschule Emden/Leer in Emden (FH);0;2;1;499X;CRS3035RES100mN3365800E4133400
4992;60907200;Hochschule Emden/Leer in Leer (FH);0;2;1;499Y;CRS3035RES100mN3350100E4151200
5010;61505000;Hochschule Flensburg (FH);0;2;1;501Z;CRS3035RES100mN3518900E4285400
5020;61515000;FH Kiel;0;2;1;502Z;CRS3035RES100mN3469500E4332700
5030;61520000;Technische Hochschule Lübeck (FH);0;2;1;503Z;CRS3035RES100mN3414600E4367100
5050;61535000;FH Wedel (Priv. FH);0;4;1;505Z;CRS3035RES100mN3385600E4303000
5061;71505100;FH für Verwaltung und Dienstleistung Altenholz in Altenholz (Verw-FH);0;2;0;506Y;CRS3035RES100mN3477300E4329500
5062;71505200;FH für Verwaltung und Dienstleistung Altenholz in Reinfeld (Verw-FH);0;2;0;506X;CRS3035RES100mN3414200E4353100
5080;51505000;Muthesius Kunsthochschule Kiel (Kunst-H);0;2;1;508Z;CRS3035RES100mN3469000E4329400
5090;61510000;FH Westküste, Heide;0;2;1;509Z;CRS3035RES100mN3454600E4263700
5110;61355100;Evangelische Hochschule Dresden in Dresden (Kirchl. FH);0;5;0;511Z;CRS3035RES100mN3111300E4584500
5111;61355200;Evangelische Hochschule Dresden in Moritzburg (Kirchl. FH);0;5;0;511Y;CRS3035RES100mN3122600E4578800
5120;61305000;H für Technik und Wirtschaft Dresden, Hochschule für angewandte Wissenschaften (FH);0;2;1;512Z;CRS3035RES100mN3109600E4582800
5130;61310000;H für Technik, Wirtschaft und Kultur Leipzig, Hochschule für angewandte Wissenschaften (FH);0;2;1;513Z;CRS3035RES100mN3136400E4486400
5140;61315000;H Mittweida (University of Applied Sciences), Hochschule für angewandte Wissenschaften (FH);0;2;1;514Z;CRS3035RES100mN3101500E4529600
5150;61320000;H Zittau/Görlitz, Hochschule für angewandte Wissenschaften (FH);0;2;1;515Z;CRS3035RES100mN3127200E4670300
5151;61320200;H Zittau/Görlitz in Zittau, Hochschule für angewandte Wissenschaften (FH);0;2;1;515X;CRS3035RES100mN3097900E4658800
5152;61320100;H Zittau/Görlitz in Görlitz, Hochschule für angewandte Wissenschaften (FH);0;2;1;515Y;CRS3035RES100mN3127200E4670300
5160;61325000;Westsächsische H Zwickau, Hochschule für angewandte Wissenschaften (FH);0;2;1;516Z;CRS3035RES100mN3070100E4497100
5161;61325300;Westsächsische H Zwickau in Zwickau, Hochschule für angewandte Wissenschaften (FH);0;2;1;516W;CRS3035RES100mN3070100E4497100
5162;61325200;Westsächsische H Zwickau in Schneeberg, Hochschule für angewandte Wissenschaften (FH);0;2;1;516X;CRS3035RES100mN3057900E4508000
5163;61325100;Westsächsische H Zwickau in Reichenbach, Hochschule für angewandte Wissenschaften (FH);0;2;1;516Y;CRS3035RES100mN3059400E4483000
5190;71310100;H der Sächsischen Polizei (FH) in Rothenburg/OL. (Verw-FH);0;2;0;519Z;CRS3035RES100mN3149900E4666500
5191;71310200;H der Sächsischen Polizei (FH) in Bautzen (Verw-FH) ;0;2;0;519Y;CRS3035RES100mN3128500E4631600
5210;60605000;H für Angewandte Wissenschaften Hamburg (FH);0;2;1;521Z;CRS3035RES100mN3383100E4322400
5220;60620000;HFH Hamburger Fern-H (Priv. FH);0;4;0;522Z;CRS3035RES100mN3386100E4324300
5230;60630000;Evang. H für Soziale Arbeit und Diakonie, Hamburg (Kirchl. FH);0;5;0;523Z;CRS3035RES100mN3383000E4325700
5240;70605000;Akademie der Polizei Hamburg (Verw-FH);0;2;0;524Z;CRS3035RES100mN3388400E4321400
5251;61036100;FH Südwestfalen in Hagen;0;2;1;525Y;CRS3035RES100mN3142400E4146700
5252;61036200;FH Südwestfalen in Iserlohn;0;2;1;525X;CRS3035RES100mN3142200E4159900
5253;61036300;FH Südwestfalen in Meschede;0;2;1;525W;CRS3035RES100mN3140300E4202200
5254;61036400;FH Südwestfalen in Soest;0;2;1;525V;CRS3035RES100mN3162900E4190100
5260;60615000;Europ. Fern-H Hamburg GmbH Hamburg (Priv. FH);0;4;0;526Z;CRS3035RES100mN3388400E4331000
5270;60353000;Mediadesign Hochschule Berlin in Berlin (Priv. FH);0;4;0;527Z;CRS3035RES100mN3272700E4546600
5271;60248000;Mediadesign Hochschule Berlin in München (Priv. FH);0;4;0;527Y;CRS3035RES100mN2779400E4440400
5272;61041000;Mediadesign Hochschule Berlin in Düsseldorf (Priv. FH)  ;0;4;0;527X;CRS3035RES100mN3127700E4097700
5280;61525000;Hochschule der Wirtschaft (Nordakademie) Elmshorn (Priv. FH);0;4;1;528Z;CRS3035RES100mN3405200E4299300
5312;60905300;Hochschule Braunschweig-Wolfenbüttel in Wolfenbüttel (FH);0;2;1;531W;CRS3035RES100mN3229800E4358500
5313;60905400;Hochschule  Braunschweig-Wolfenbüttel in Wolfsburg (FH);0;2;1;531V;CRS3035RES100mN3257800E4374500
5314;60905200;Hochschule Braunschweig-Wolfenbüttel in Salzgitter (FH);0;2;1;531X;CRS3035RES100mN3219800E4347000
5315;60905500;Hochschule Braunschweig-Wolfenbüttel in Suderburg (FH);0;2;1;531U;CRS3035RES100mN3309900E4351000
5330;60910100;Hochschule Hannover (FH);0;2;1;533Z;CRS3035RES100mN3245700E4308400
5381;60915200;Hochschule Hildesheim/Holzminden/Göttingen in Göttingen (FH);0;2;1;538X;CRS3035RES100mN3156700E4318800
5382;60915300;Hochschule Hildesheim/Holzminden/Göttingen in Hildesheim (FH);0;2;1;538W;CRS3035RES100mN3225800E4318100
5385;60915400;Hochschule Hildesheim/Holzminden/Göttingen in Holzminden (FH);0;2;1;538V;CRS3035RES100mN3190900E4283100
5391;60940200;Fachhochschule für die Wirtschaft Hannover (FHDW) (Priv. FH);0;4;0;539X;CRS3035RES100mN3250700E4305500
5400;60935000;Private Hochschule Göttingen (Priv. FH);0;4;0;540Z;CRS3035RES100mN3158600E4316300
5411;60950100;H für Wirtschaft und Technik Vechta/Diepholz in Diepholz (Priv. FH);0;4;0;541Y;CRS3035RES100mN3279300E4210100
5412;60950300;H für Wirtschaft und Technik Vechta/Diepholz in Vechta (Priv. FH);0;4;0;541W;CRS3035RES100mN3291600E4204700
5430;60945000;FH Ottersberg (Priv. FH);0;4;0;543Z;CRS3035RES100mN3333100E4264800
5501;60925100;Hochschule Osnabrück in Osnabrück (FH);0;2;1;550Y;CRS3035RES100mN3242700E4186000
5503;60925200;Hochschule Osnabrück in Lingen (FH);0;2;1;550X;CRS3035RES100mN3271000E4139200
5660;60510000;H Bremerhaven (FH);0;2;1;566Z;CRS3035RES100mN3382200E4227000
5670;70505000;H für öffentliche Verwaltung Bremen (Verw-FH);0;2;0;567Z;CRS3035RES100mN3331200E4240300
5680;60505000;H Bremen (FH);0;2;1;568Z;CRS3035RES100mN3330000E4240100
5690;61054100;International School of Management Dortmund in Dortmund (Priv. FH);0;4;0;569Z;CRS3035RES100mN3156300E4140800
5691;60279000;International School of Management Dortmund in München (Priv. FH);0;4;0;569Y;CRS3035RES100mN2782400E4437200
5692;60168000;International School of Management Dortmund in Stuttgart (Priv. FH);0;4;0;569X;CRS3035RES100mN2851000E4260700
5693;61054200;International School of Management Dortmund in Köln (Priv. FH);0;4;0;569W;CRS3035RES100mN3097500E4106400
5694;60649000;International School of Management Dortmund in Hamburg (Priv. FH)  ;0;4;0;569V;CRS3035RES100mN3381900E4321100
5695;60780000;International School of Management Dortmund in Frankfurt (Priv. FH);0;4;0;569T;CRS3035RES100mN2999200E4227000
5696;60359000;International School of Management Dortmund in Berlin (Priv. FH);0;4;0;569S;CRS3035RES100mN3269200E4548700
5701;61021200;Westfälische H in Gelsenkirchen/Bocholt/Recklinghausen (FH) in Gelsenkirchen;0;2;1;570X;CRS3035RES100mN3166800E4115000
5702;61021100;Westfälische H in Gelsenkirchen/Bocholt/Recklinghausen (FH) in Bocholt;0;2;1;570Y;CRS3035RES100mN3197400E4090300
5703;61021300;Westfälische H in Gelsenkirchen/Bocholt/Recklinghausen (FH) in Recklinghausen;0;2;1;570W;CRS3035RES100mN3170500E4127900
5711;61003100;FH Aachen in Aachen;0;2;1;571Y;CRS3035RES100mN3078800E4045600
5712;61003200;FH Aachen in Jülich;0;2;1;571X;CRS3035RES100mN3097800E4066100
5720;61039100;IU Internationale Hochschule Erfurt in Bad Honnef (Priv. FH);0;4;0;572Z;CRS3035RES100mN3062600E4125000
5721;61650000;IU Internationale Hochschule Erfurt in Erfurt (Priv. FH) ;0;4;0;572P;CRS3035RES100mN3097400E4393500
5722;60374000;IU Internationale Hochschule Erfurt in Berlin (Priv. FH) ;0;4;0;572Y;CRS3035RES100mN3272900E4556300
5724;60277200;IU Internationale Hochschule Erfurt in München (Priv. FH);0;4;0;572W;CRS3035RES100mN2781000E4441200
5725;60277300;IU Internationale Hochschule Erfurt in Nürnberg (Priv. FH);0;4;0;572X;CRS3035RES100mN2928100E4395700
5726;61039200;IU Internationale Hochschule Erfurt in Dortmund (Priv. FH);0;4;0;572T;CRS3035RES100mN3157200E4144300
5727;61039300;IU Internationale Hochschule Erfurt in Düsseldorf (Priv. FH);0;4;0;572U;CRS3035RES100mN3127000E4096400
5728;60165000;IU Internationale Hochschule Erfurt in Mannheim (Priv. FH) ;0;4;0;572S;CRS3035RES100mN2930500E4212400
5729;60680000;IU Internationale Hochschule Erfurt in Hamburg (Priv. FH);0;4;0;572N;CRS3035RES100mN3387800E4319400
572A;60783000;IU Internationale Hochschule Erfurt in Frankfurt (Priv. FH);0;4;0;572M;CRS3035RES100mN2999000E4227200
572B;61333000;IU Internationale Hochschule Erfurt in Leipzig (Priv. FH);0;4;0;572L;CRS3035RES100mN3139900E4487600
572C;60277400;IU Internationale Hochschule Erfurt in Augsburg (Priv. FH);0;4;0;572K;CRS3035RES100mN2806500E4390100
572D;61160000;IU Internationale Hochschule Erfurt in Mainz (Priv. FH);0;4;0;572J;CRS3035RES100mN2989000E4196600
572E;61333100;IU Internationale Hochschule Erfurt in Dresden (Priv. FH);0;4;0;572I;CRS3035RES100mN3107200E4588200
572F;61039400;IU Internationale Hochschule Erfurt in Essen (Priv. FH);0;4;0;572F;CRS3035RES100mN3149100E4110900
572G;61039500;IU Internationale Hochschule Erfurt in Köln (Priv. FH);0;4;0;572H;CRS3035RES100mN3092900E4107500
572H;61039600;IU Internationale Hochschule Erfurt in Münster (Priv. FH);0;4;0;572G;CRS3035RES100mN3206100E4157800
572J;61545000;IU Internationale Hochschule Erfurt in Lübeck (Priv. FH);0;4;0;572E;CRS3035RES100mN3418700E4366000
572K;60933000;IU Internationale Hochschule Erfurt in Hannover (Priv. FH);0;4;0;572O;CRS3035RES100mN3249600E4303900
572L;60165100;IU Internationale Hochschule Erfurt in Stuttgart (Priv. FH);0;4;0;572Q;CRS3035RES100mN2842600E4259700
572M;60165200;IU Internationale Hochschule Erfurt in Freiburg (Priv. FH);0;4;0;572R;CRS3035RES100mN2767100E4159900
5731;61006100;Hochschule Bielefeld in Bielefeld (FH);0;2;1;573Y;CRS3035RES100mN3215900E4217500
5732;61006200;Hochschule Bielefeld in Minden (FH);0;2;1;573X;CRS3035RES100mN3243500E4246400
5733;61006300;Hochschule Bielefeld in Gütersloh (FH);0;2;1;573W;CRS3035RES100mN3201000E4209500
5751;61009100;Hochschule Bochum (FH) in Bochum;0;2;1;575Y;CRS3035RES100mN3152100E4131300
5752;61009200;Hochschule Bochum (FH) in Velbert/Heiligenhaus;0;2;1;575X;CRS3035RES100mN3139500E4109600
5770;61015000;FH Dortmund;0;2;1;577Z;CRS3035RES100mN3158100E4144500
5780;61018000;H Düsseldorf (FH);0;2;1;578Z;CRS3035RES100mN3131000E4097000
5800;61063000;University of Europe for Applied Sciences Potsdam in Iserlohn (Priv. FH);0;4;0;580Z;CRS3035RES100mN3143900E4162200
5801;60437000;University of Europe for Applied Sciences Potsdam in Potsdam (Priv. FH) ;0;4;0;580W;CRS3035RES100mN3262700E4528600
5802;60372000;University of Europe for Applied Sciences Potsdam in Berlin (Priv. FH);0;4;0;580Y;CRS3035RES100mN3271600E4550300
5803;60675000;University of Europe for Applied Sciences Potsdam in Hamburg (Priv. FH);0;4;0;580X;CRS3035RES100mN3382600E4316600
5820;61042100;FH des Mittelstandes (FHM) in Bielefeld (Priv. FH);0;4;0;582Z;CRS3035RES100mN3212800E4220400
5821;61042200;FH des Mittelstandes (FHM) in Köln (Priv. FH);0;4;0;582W;CRS3035RES100mN3095800E4105900
5822;61042300;FH des Mittelstandes (FHM) in Frechen (Priv. FH);0;4;0;582X;CRS3035RES100mN3093700E4097400
5823;60830100;FH des Mittelstandes (FHM) in Rostock (Priv. FH);0;4;0;582U;CRS3035RES100mN3444400E4460800
5824;60830200;FH des Mittelstandes (FHM) in Schwerin (Priv. FH);0;4;0;582V;CRS3035RES100mN3392500E4414500
5825;60944000;FH des Mittelstandes (FHM) in Hannover (Priv. FH);0;4;0;582T;CRS3035RES100mN3253500E4304000
5826;60258000;FH des Mittelstandes (FHM) in Bamberg (Priv. FH) ;0;4;0;582S;CRS3035RES100mN2977800E4386800
5827;60354000;FH des Mittelstandes (FHM) in Berlin (Priv. FH);0;4;0;582R;CRS3035RES100mN3272100E4546300
5831;61024200;Technische Hochschule Köln (FH) in Köln;0;2;1;583X;CRS3035RES100mN3094200E4107800
5832;61024100;Technische Hochschule Köln (FH) in Gummersbach;0;2;1;583Y;CRS3035RES100mN3104100E4150000
5833;61024300;Technische Hochschule Köln (FH) in Leverkusen;0;2;1;583W;CRS3035RES100mN3104600E4109300
5841;61033100;H Niederrhein in Krefeld (FH);0;2;1;584Y;CRS3035RES100mN3139500E4082000
5842;61033200;H Niederrhein in Mönchengladbach (FH);0;2;1;584X;CRS3035RES100mN3124800E4072100
5861;61027300;TH Ostwestfalen-Lippe in Lemgo (FH);0;2;1;586W;CRS3035RES100mN3212300E4245800
5862;61027100;TH Ostwestfalen-Lippe in Detmold (FH);0;2;1;586Y;CRS3035RES100mN3203500E4243100
5863;61027200;TH Ostwestfalen-Lippe in Höxter (FH);0;2;1;586X;CRS3035RES100mN3184200E4277500
5891;61030100;FH Münster in Münster;0;2;1;589Y;CRS3035RES100mN3209200E4155700
5892;61030200;FH Münster in Steinfurt;0;2;1;589X;CRS3035RES100mN3229300E4137800
5901;61072400;FH der Wirtschaft Paderborn in Paderborn (Priv. FH);0;4;0;590V;CRS3035RES100mN3180800E4233700
5902;61072100;FH der Wirtschaft Paderborn in Bergisch-Gladbach (Priv. FH);0;4;0;590Y;CRS3035RES100mN3100900E4118700
5904;61072200;FH der Wirtschaft Paderborn in Bielefeld (Priv. FH);0;4;0;590X;CRS3035RES100mN3212400E4222700
5905;61072500;FH der Wirtschaft Paderborn in Mettmann (Priv. FH);0;4;0;590U;CRS3035RES100mN3131100E4108200
5980;61045000;TH Georg Agricola Bochum (Priv. FH);0;4;0;598Z;CRS3035RES100mN3156700E4127500
5990;61069100;Rheinische Hochschule Köln in Köln (Priv. FH) ;0;4;0;599Z;CRS3035RES100mN3095800E4106000
5991;61069200;Rheinische Hochschule Köln in Neuss (Priv. FH);0;4;0;599Y;CRS3035RES100mN3125900E4089900
6000;61075000;Evang. Hochschule Rheinland-Westfalen-Lippe, Bochum (Kirchl. FH);0;5;0;600Z;CRS3035RES100mN3155000E4130100
6031;61078200;Kath. Hochschule Nordrhein-Westfalen in Köln (Kirchl. FH);0;5;0;603X;CRS3035RES100mN3097900E4107700
6032;61078100;Kath. Hochschule Nordrhein-Westfalen in Aachen (Kirchl. FH);0;5;0;603Y;CRS3035RES100mN3079000E4045500
6033;61078300;Kath. Hochschule Nordrhein-Westfalen in Münster (Kirchl. FH);0;5;0;603W;CRS3035RES100mN3209100E4158800
6034;61078400;Kath. Hochschule Nordrhein-Westfalen in Paderborn (Kirchl. FH);0;5;0;603V;CRS3035RES100mN3178900E4235000
6071;71015300;Hochschule für Polizei und öffentliche Verwaltung NW in Gelsenkirchen (Verw-FH);0;2;0;607W;CRS3035RES100mN3158300E4122100
6072;71015700;Hochschule für Polizei und öffentliche Verwaltung NW in Dortmund (Verw-FH);0;2;0;607S;CRS3035RES100mN3156500E4140500
6074;71015200;Hochschule für Polizei und öffentliche Verwaltung NW in Duisburg (Verw-FH);0;2;0;607X;CRS3035RES100mN3144100E4096500
6075;71015400;Hochschule für Polizei und öffentliche Verwaltung NW in Hagen (Verw-FH);0;2;0;607V;CRS3035RES100mN3140600E4143100
6076;71015500;Hochschule für Polizei und öffentliche Verwaltung NW in Köln (Verw-FH);0;2;0;607U;CRS3035RES100mN3096300E4109600
6077;71015600;Hochschule für Polizei und öffentliche Verwaltung NW in Münster (Verw-FH);0;2;0;607T;CRS3035RES100mN3210700E4158400
607A;71015100;Hochschule für Polizei und öffentliche Verwaltung NW in Bielefeld (Verw-FH);0;2;0;607Y;CRS3035RES100mN3214000E4221700
607C;71015050;Hochschule für Polizei und öffentliche Verwaltung NW in Aachen (Verw-FH);0;2;0;607M;CRS3035RES100mN3081600E4046400
6180;71005000;FH für Rechtspflege NW in Bad Münstereifel (Verw-FH);0;2;0;618Z;CRS3035RES100mN3055100E4092000
6190;71010000;Hochschule für Finanzen Nordrhein-Westfalen in Nordkirchen (Verw-FH);0;2;0;619Z;CRS3035RES100mN3183700E4150100
6202;70310002;Hochschule des Bundes für öffentliche Verwaltung, FB Sozialversicherung in Berlin;0;1;0;620X;CRS3035RES100mN3274500E4542500
6203;70720100;Hochschule des Bundes für öffentliche Verwaltung, FB Wetterdienst in Langen;0;1;0;620W;CRS3035RES100mN2999700E4231400
6205;70310001;Hochschule des Bundes für öffentliche Verwaltung, FB Auswärtige Angelegenheiten in Berlin;0;1;0;620X;CRS3035RES100mN3280200E4541800
6206;71020101;Hochschule des Bundes für öffentliche Verwaltung, FB Allgemeine innere Verwaltung in Brühl;0;1;0;620T;CRS3035RES100mN3084700E4101200
6208;71020200;Hochschule des Bundes für öffentliche Verwaltung, FB Finanzen in Münster;0;1;0;620S;CRS3035RES100mN3210300E4154200
620B;70125000;Hochschule des Bundes für öffentliche Verwaltung, FB Bundeswehrverwaltung in Mannheim;0;1;0;620Y;CRS3035RES100mN2930400E4212900
620C;70720200;Hochschule des Bundes für öffentliche Verwaltung, FB Kriminalpolizei in Wiesbaden;0;1;0;620V;CRS3035RES100mN2999700E4195300
620D;71510000;Hochschule des Bundes für öffentliche Verwaltung, FB Bundespolizei in Lübeck;0;1;0;620Q;CRS3035RES100mN3413300E4368500
620E;70720300;Hochschule des Bundes für öffentl. Verwaltung, FB Landwirtschaftliche Sozialversicherung in Kassel;0;1;0;620P;CRS3035RES100mN3134100E4281200
620F;70310003;Hochschule des Bundes für öffentliche Verwaltung, FB Nachrichtendienste in Berlin ;0;1;0;620X;CRS3035RES100mN3274500E4550100
6211;60705100;h_da - H Darmstadt in Darmstadt (FH);0;2;1;621Y;CRS3035RES100mN2973600E4223100
6212;60705200;h_da - H Darmstadt in Dieburg (FH);0;2;1;621X;CRS3035RES100mN2977200E4238700
6220;60710000;Frankfurt University of Applied Sciences (FH);0;2;1;622Z;CRS3035RES100mN3002700E4227500
6231;60720200;Technische Hochschule Mittelhessen (THM) in Gießen (FH);0;2;1;623X;CRS3035RES100mN3053600E4227700
6232;60720100;Technische Hochschule Mittelhessen (THM) in Friedberg (FH);0;2;1;623Y;CRS3035RES100mN3025000E4232600
6233;60720300;Technische Hochschule Mittelhessen (THM) in Wetzlar (FH);0;2;1;623W;CRS3035RES100mN3049900E4216100
6243;60725200;Hochschule RheinMain (FH) in Rüsselsheim;0;2;1;624X;CRS3035RES100mN2987100E4207900
6244;60725300;Hochschule RheinMain (FH) in Wiesbaden;0;2;1;624W;CRS3035RES100mN2998000E4193400
6270;60760000;Evangelische Hochschule Darmstadt (EHD), (Kirchl. FH);0;5;0;627Z;CRS3035RES100mN2974400E4222300
6271;60760100;Evangelische Hochschule Darmstadt (EHD) in Darmstadt (Kirchl. FH);0;5;0;627Z;CRS3035RES100mN2974400E4222300
6272;60760200;Evangelische Hochschule Darmstadt (EHD) in Schwalmstadt (Kirchl. FH);0;5;0;627Y;CRS3035RES100mN3089300E4263200
6281;60750100;Hochschule Fresenius Idstein in Idstein (Priv. FH);0;4;0;628Y;CRS3035RES100mN3013500E4197300
6282;61066000;Hochschule Fresenius Idstein in Köln (Priv. FH);0;4;0;628X;CRS3035RES100mN3097500E4106400
6284;60262000;Hochschule Fresenius Idstein in München (Priv. FH);0;4;0;628V;CRS3035RES100mN2784000E4436600
6285;60645000;Hochschule Fresenius Idstein in Hamburg (Priv. FH);0;4;0;628U;CRS3035RES100mN3384300E4321000
6286;60750200;Hochschule Fresenius Idstein in Frankfurt (Priv. FH);0;4;0;628T;CRS3035RES100mN2998600E4224300
6287;60369000;Hochschule Fresenius Idstein in Berlin (Priv. FH);0;4;0;628S;CRS3035RES100mN3272500E4551400
6288;61066100;Hochschule Fresenius Idstein in Düsseldorf (Priv. FH)  ;0;4;0;628R;CRS3035RES100mN3131400E4095400
6289;60750300;Hochschule Fresenius Idstein in Wiesbaden (Priv. FH);0;4;0;628Q;CRS3035RES100mN2997300E4194900
6290;60715000;Hochschule Fulda (FH);0;2;1;629Z;CRS3035RES100mN3050300E4298800
6320;70705000;FH für Archivwesen Marburg (Verw-FH);0;2;0;632Z;CRS3035RES100mN3077600E4233800
6330;70710000;Hessische Hochschule für Finanzen und Rechtspflege Rotenburg (Verw-FH);0;2;0;633Z;CRS3035RES100mN3097800E4302100
6342;70715400;Hessische Hochschule für öffentliches Management und Sicherheit Wiesbaden in Mühlheim (Verw-FH);0;2;0;634W;CRS3035RES100mN3001500E4236500
6343;70715200;Hessische Hochschule für öffentliches Management und Sicherheit Wiesbaden in Gießen (Verw-FH);0;2;0;634Y;CRS3035RES100mN3052300E4227900
6344;70715300;Hessische Hochschule für öffentliches Management und Sicherheit Wiesbaden in Kassel (Verw-FH);0;2;0;634X;CRS3035RES100mN3129600E4283500
6345;70715500;Hessische Hochschule für öffentliches Management und Sicherheit Wiesbaden in Wiesbaden (Verw-FH);0;2;0;634V;CRS3035RES100mN2998400E4191600
6360;60730000;H der Deutschen Gesetzl. Unfallversicherung, Bad Hersfeld (Priv. FH);0;4;0;636Z;CRS3035RES100mN3085300E4300600
6370;10735000;Frankfurt School of Finance & Management-HfB (Priv. U);0;4;0;637Z;CRS3035RES100mN3003100E4226700
6380;71305000;Hochschule Meißen (FH) und Fortbildungszentrum (Verw-FH);0;2;0;638Z;CRS3035RES100mN3122100E4564900
6390;60740000;Wilhelm Büchner Hochschule Darmstadt (Priv. Fern-FH);0;4;0;639Z;CRS3035RES100mN2967600E4221300
6401;60755100;DIPLOMA - FH Nordhessen in Bad Sooden-Allendorf (Priv. FH);0;4;0;640Y;CRS3035RES100mN3128400E4318300
6402;60755200;DIPLOMA - FH Nordhessen in Kassel (Priv. FH);0;4;0;640X;CRS3035RES100mN3133600E4281300
6411;61051100;Europäische FH (EUFH) in Brühl (Priv. FH);0;4;0;641Y;CRS3035RES100mN3084800E4103000
6412;61051200;Europäische FH (EUFH) in Neuss (Priv. FH);0;4;0;641X;CRS3035RES100mN3126500E4091200
6413;60835000;Europäische FH (EUFH) in Rostock (Priv. FH);0;4;0;641W;CRS3035RES100mN3444900E4458800
6414;61051300;Europäische FH (EUFH) in Köln (Priv. FH);0;4;0;641U;CRS3035RES100mN3098300E4107100
6415;61051400;Europäische FH (EUFH) in Rheine (Priv. FH);0;4;0;641V;CRS3035RES100mN3243700E4145300
6416;60358000;Europäische FH (EUFH) in Berlin (Priv. FH);0;4;0;641T;CRS3035RES100mN3272700E4552600
6430;60430000;Theologische Hochschule Elstal (Kirchl. FH);0;5;0;643Z;CRS3035RES100mN3274600E4524700
6510;61105000;Technische Hochschule Bingen (FH);0;2;1;651Z;CRS3035RES100mN2984300E4172000
6521;61110100;Hochschule Kaiserslautern in Kaiserslautern (FH);0;2;1;652Y;CRS3035RES100mN2928400E4158300
6522;61110200;Hochschule Kaiserslautern in Pirmasens (FH);0;2;1;652X;CRS3035RES100mN2902700E4146200
6523;61110300;Hochschule Kaiserslautern in Zweibrücken (FH);0;2;1;652W;CRS3035RES100mN2908600E4128800
6531;61115200;Hochschule Koblenz (FH) in Koblenz;0;2;1;653X;CRS3035RES100mN3027700E4147900
6532;61115100;Hochschule Koblenz (FH) in Höhr-Grenzhausen;0;2;1;653Y;CRS3035RES100mN3038200E4155200
6533;61115300;Hochschule Koblenz (FH) in Remagen;0;2;1;653W;CRS3035RES100mN3054800E4126500
6581;61130300;Hochschule Trier (FH) in Trier;0;2;1;658W;CRS3035RES100mN2967200E4078300
6582;61130100;Hochschule Trier (FH) in Birkenfeld;0;2;1;658Y;CRS3035RES100mN2947800E4116400
6583;61130200;Hochschule Trier (FH) in Idar-Oberstein;0;2;1;658X;CRS3035RES100mN2959800E4127200
6600;61145000;Katholische Hochschule Mainz (Kirchl. FH);0;5;1;660Z;CRS3035RES100mN2988600E4195700
6620;71110000;Hochschule der Deutschen Bundesbank Hachenburg (Verw-FH);0;1;0;662Z;CRS3035RES100mN3063300E4167300
6631;71115200;Hochschule für öffentliche Verwaltung Rheinland-Pfalz (HöV) Mayen, FB Innere Verwaltung in Mayen;0;2;0;663X;CRS3035RES100mN3027700E4123700
6640;71105000;Hochschule für Finanzen Rheinland-Pfalz (HFin) in Edenkoben (Verw-FH);0;2;0;664Z;CRS3035RES100mN2909600E4185000
6650;61120000;Hochschule für Wirtschaft und Gesellschaft Ludwigshafen (FH);0;2;1;665Z;CRS3035RES100mN2930100E4206700
6660;61135000;Hochschule Worms (FH);0;2;1;666Z;CRS3035RES100mN2948000E4201300
6670;61125000;Hochschule Mainz (FH);0;2;1;667Z;CRS3035RES100mN2987700E4193800
6680;60263000;Hochschule für angewandtes Management, Ismaning (Priv. FH);0;4;0;668Z;CRS3035RES100mN2792000E4445900
6690;60745000;Provadis School of Intern. Management and Technology, Frankfurt a.M. (Priv. FH);0;4;0;669Z;CRS3035RES100mN2999500E4216400
6710;60103100;Hochschule Aalen - Technik und Wirtschaft in Aalen (FH);0;2;1;671Z;CRS3035RES100mN2858300E4326300
6711;60103200;Hochschule Aalen - Technik und Wirtschaft in Schwäbisch Gmünd (FH);0;2;1;671Y;CRS3035RES100mN2853300E4305800
6720;60109000;H Biberach a. d. Riss (FH);0;2;1;672Z;CRS3035RES100mN2775500E4305100
6731;60115100;H Esslingen in Esslingen (FH);0;2;1;673Y;CRS3035RES100mN2847400E4270200
6732;60115200;H Esslingen in Göppingen (FH);0;2;1;673X;CRS3035RES100mN2842700E4295600
6741;60118100;H Furtwangen in Furtwangen (FH);0;2;1;674Y;CRS3035RES100mN2772500E4187300
6742;60118200;H Furtwangen in Villingen-Schwenningen (FH);0;2;1;674X;CRS3035RES100mN2773000E4211700
6743;60118300;H Furtwangen in Tuttlingen (FH);0;2;1;674W;CRS3035RES100mN2763900E4232900
6751;60121100;H Heilbronn in Heilbronn (FH);0;2;1;675Y;CRS3035RES100mN2890100E4263300
6752;60121200;H Heilbronn in Künzelsau (FH);0;2;1;675X;CRS3035RES100mN2906900E4300100
6753;60121300;H Heilbronn in Schwäbisch Hall (FH);0;2;1;675W;CRS3035RES100mN2888800E4302300
6760;60124000;H Karlsruhe (FH);0;2;1;676Z;CRS3035RES100mN2879200E4203200
6770;60127000;H Konstanz (FH);0;2;1;677Z;CRS3035RES100mN2728500E4258700
6780;60132000;H Mannheim (FH);0;2;1;678Z;CRS3035RES100mN2929600E4210900
6791;60134200;H Nürtingen in Nürtingen (FH);0;2;1;679X;CRS3035RES100mN2835000E4272100
6792;60134100;H Nürtingen in Geislingen (FH);0;2;1;679Y;CRS3035RES100mN2834000E4309200
6800;60137000;H Offenburg (FH);0;2;1;680Z;CRS3035RES100mN2818100E4168700
6810;60140000;H Pforzheim (FH);0;2;1;681Z;CRS3035RES100mN2863600E4226900
6820;60143000;H Ravensburg-Weingarten (FH);0;2;1;682Z;CRS3035RES100mN2744200E4294600
6830;60146000;H für Technik und Wirtschaft Reutlingen (FH);0;2;1;683Z;CRS3035RES100mN2819100E4260900
6841;60106100;H Albstadt-Sigmaringen in Albstadt (FH);0;2;1;684Y;CRS3035RES100mN2775200E4264300
6842;60106200;H Albstadt-Sigmaringen in Sigmaringen (FH);0;2;1;684X;CRS3035RES100mN2788900E4249100
6850;60158000;Hochschule für Technik Stuttgart (FH);0;2;1;685Z;CRS3035RES100mN2852200E4260200
6860;60155000;FH Stuttgart, H der Medien;0;2;1;686Z;CRS3035RES100mN2847900E4254800
6870;60161000;Technische Hochschule Ulm (FH);0;2;1;687Z;CRS3035RES100mN2810500E4320800
6900;60189000;Evang. Hochschule Freiburg (Kirchl. FH);0;5;1;690Z;CRS3035RES100mN2767300E4157000
6910;60198100;Kath. Hochschule Freiburg i.Br., Campus Freiburg (Kirchl. FH);0;5;1;691Z;CRS3035RES100mN2767900E4161000
6911;60198200;Kath. Hochschule Freiburg i.Br., Campus Stuttgart (Kirchl. FH);0;5;1;691Y;CRS3035RES100mN2848200E4259300
6970;60186000;Merz Akademie Hochschule für Gestaltung, Kunst und Medien, Stuttgart (Priv. FH);0;4;0;697Z;CRS3035RES100mN2853200E4262900
7020;60183000;AKAD Hochschule Stuttgart (Priv. Fern-FH);0;4;0;702Z;CRS3035RES100mN2853600E4260800
7050;60152000;H für Gestaltung Schwäbisch Gmünd (FH);0;2;1;705Z;CRS3035RES100mN2853300E4305800
7060;70105000;FH für öffentliche Verwaltung Kehl (Verw-FH);0;2;0;706Z;CRS3035RES100mN2831400E4159900
7070;70110000;Hochschule Ludwigsburg für öffentliche Verwaltung und Finanzen (Verw-FH)  ;0;2;0;707Z;CRS3035RES100mN2866400E4261000
7090;60171000;SRH Hochschule Heidelberg (Priv. FH);0;4;0;709Z;CRS3035RES100mN2923200E4223100
7110;60149000;H für Forstwirtschaft Rottenburg (FH);0;2;0;711Z;CRS3035RES100mN2816500E4242900
7120;70115000;FH für Rechtspflege Schwetzingen (Verw-FH)  ;0;2;0;712Z;CRS3035RES100mN2919900E4217300
7140;70120000;Staatl. H für Polizei Villingen-Schwenningen (Verw-FH)  ;0;2;0;714Z;CRS3035RES100mN2773400E4210200
7180;60179000;SRH Fernhochschule, Riedlingen (Priv. FH);0;4;0;718Z;CRS3035RES100mN2782200E4281800
7190;60195100;Evangelische Hochschule Ludwigsburg in Ludwigsburg (Kirchl. FH);0;5;1;719Z;CRS3035RES100mN2863700E4262000
7192;60195200;Evangelische Hochschule Ludwigsburg in Reutlingen (Kirchl. FH);0;5;1;719Y;CRS3035RES100mN2819200E4261000
7210;60213000;Technische Hochschule Augsburg (FH);0;2;1;721Z;CRS3035RES100mN2805000E4388000
7220;60215000;Hochschule für angewandte Wissenschaften Coburg (FH);0;2;1;722Z;CRS3035RES100mN3017400E4388800
7240;60238000;Hochschule für angewandte Wissenschaften München (FH);0;2;1;724Z;CRS3035RES100mN2783400E4436600
7250;60244000;Technische Hochschule Nürnberg Georg Simon Ohm (FH);0;2;1;725Z;CRS3035RES100mN2927200E4400200
7260;60247000;Ostbayerische Technische Hochschule Regensburg (FH);0;2;1;726Z;CRS3035RES100mN2880300E4472400
7300;60250100;TH Rosenheim in Rosenheim (FH);0;2;1;730Z;CRS3035RES100mN2752700E4478700
7301;60250200;TH Rosenheim in Mühldorf a. Inn (FH);0;2;1;730Y;CRS3035RES100mN2797000E4509500
7303;60250300;TH Rosenheim in Burghausen (FH);0;2;1;730X;CRS3035RES100mN2788400E4531500
7311;60253200;H für angewandte Wissenschaften Weihenstephan-Triesdorf (FH) in Weihenstephan;0;2;1;731X;CRS3035RES100mN2810600E4449200
7312;60253100;H für angewandte Wissenschaften Weihenstephan-Triesdorf (FH) in Triesdorf;0;2;1;731Y;CRS3035RES100mN2899100E4368600
7313;60253300;H für angewandte Wissenschaften Weihenstephan-Triesdorf (FH) in Straubing;0;2;1;731W;CRS3035RES100mN2866700E4510400
7351;60257200;Technische Hochschule Würzburg-Schweinfurt (THWS) in Würzburg (FH);0;2;1;735X;CRS3035RES100mN2963800E4316100
7352;60257100;Technische Hochschule Würzburg-Schweinfurt (THWS) in Schweinfurt (FH);0;2;1;735Y;CRS3035RES100mN2992500E4335900
7370;60272000;Evang. Hochschule Nürnberg (Kirchl. FH);0;5;1;737Z;CRS3035RES100mN2926900E4397900
7381;60275200;Katholische Stiftungshochschule München in München (Kirchl. FH);0;5;1;738X;CRS3035RES100mN2781100E4440200
7382;60275100;Katholische Stiftungshochschule München in Benediktbeuern (Kirchl. FH);0;5;1;738Y;CRS3035RES100mN2733600E4426000
7440;60231000;Hochschule für angewandte Wissenschaften Kempten (FH);0;2;1;744Z;CRS3035RES100mN2733600E4344500
7450;60234000;Hochschule für angewandte Wissenschaften Landshut (FH);0;2;1;745Z;CRS3035RES100mN2829300E4483200
7461;70205100;Hochschule für den öffentlichen Dienst in Bayern Standort Fürstenfeldbruck (Polizei) (Verw-FH);0;2;0;746Y;CRS3035RES100mN2784900E4414000
7462;70205200;Hochschule für den öffentlichen Dienst in Bayern Standort Herrsching (Finanzwesen) (Verw-FH);0;2;0;746X;CRS3035RES100mN2766900E4407800
7463;70205300;Hochschule für den öffentlichen Dienst in Bayern Standort Hof (Allg. Innere Verwaltung) (Verw-FH);0;2;0;746W;CRS3035RES100mN3025400E4458900
7464;70205400;Hochschule für den öffentlichen Dienst in Bayern Standort München (Archiv- u. Biblioth.) (Verw-FH);0;2;0;746V;CRS3035RES100mN2786300E4434800
7465;70205500;Hochschule für den öffentlichen Dienst in Bayern Standort Starnberg (Rechtspflege) (Verw-FH);0;2;0;746U;CRS3035RES100mN2767200E4421300
7466;70205600;Hochschule für den öffentlichen Dienst in Bayern Standort Wasserburg (Sozialverwaltung) (Verw-FH);0;2;0;746T;CRS3035RES100mN2774600E4487200
7467;70205700;Hochschule für den öffentlichen Dienst in Bayern Standort München (Zentralverwaltung) (Verw-FH)  ;0;2;0;746S;CRS3035RES100mN2782200E4439200
746A;70205550;Hochschule für den öffentlichen Dienst in Bayern Standort Sulzbach-Rosenberg (Polizei) (Verw-FH) ;0;2;0;746P;CRS3035RES100mN2932500E4446100
746B;70205350;Hochschule für den öffentlichen Dienst in Bayern Standort Kaufbeuren (Finanzwesen) (Verw-FH) ;0;2;0;746N;CRS3035RES100mN2752500E4366100
746C;70205250;Hochschule für den öffentlichen Dienst in Bayern Standort Dorfen (Sozialverwaltung) (Verw-FH);0;2;0;746M;CRS3035RES100mN2797100E4481600
7520;60220000;Technische Hochschule Deggendorf (FH);0;2;1;752Z;CRS3035RES100mN2861700E4538000
7521;60220100;Technische Hochschule Deggendorf in Deggendorf (FH);0;2;1;752W;CRS3035RES100mN2861700E4538000
7522;60220200;Technische Hochschule Deggendorf im Landkreis Rottal-Inn (FH);0;2;1;752Y;CRS3035RES100mN2817100E4537300
7523;60220300;Technische Hochschule Deggendorf in Cham (FH);0;2;1;752V;CRS3035RES100mN2904400E4515800
7531;60225100;Hochschule für angewandte Wissenschaften Hof in Hof (FH);0;2;1;753Y;CRS3035RES100mN3025500E4459100
7532;60225200;Hochschule für angewandte Wissenschaften Hof in Münchberg (FH);0;2;1;753X;CRS3035RES100mN3010400E4448100
7540;60228000;Technische Hochschule Ingolstadt in Ingolstadt (FH);0;2;1;754Z;CRS3035RES100mN2851400E4426300
7541;60228100;Technische Hochschule Ingolstadt in Neuburg a. d. Donau (FH);0;2;1;754Y;CRS3035RES100mN2847400E4407400
7551;60203100;Ostbayerische Technische Hochschule Amberg-Weiden (FH) in Amberg;0;2;1;755Y;CRS3035RES100mN2927300E4455000
7552;60203200;Ostbayerische Technische Hochschule Amberg-Weiden (FH) in Weiden;0;2;1;755X;CRS3035RES100mN2953100E4478100
7560;60206000;Hochschule für angewandte Wissenschaften Ansbach in Ansbach (FH);0;2;1;756Z;CRS3035RES100mN2910400E4362100
7561;60206200;Hochschule für angewandte Wissenschaften Ansbach in Weißenburg (FH);0;2;1;756Y;CRS3035RES100mN2879300E4391100
7562;60206100;Hochschule für angewandte Wissenschaften Ansbach in Rothenburg (FH);0;2;1;756X;CRS3035RES100mN2918400E4334400
7563;60206300;Hochschule für angewandte Wissenschaften Ansbach in Feuchtwangen (FH);0;2;1;756W;CRS3035RES100mN2896300E4345400
7570;60241000;Hochschule für angewandte Wissenschaften Neu-Ulm (FH);0;2;1;757Z;CRS3035RES100mN2807400E4321600
7580;60266000;Munich Business School München (Priv. FH);0;4;0;758Z;CRS3035RES100mN2781400E4434500
7590;60210000;TH Aschaffenburg (FH);0;2;1;759Z;CRS3035RES100mN2984600E4260700
7610;61205000;H für Technik und Wirtschaft des Saarlandes Saarbrücken (FH);0;2;1;761Z;CRS3035RES100mN2907000E4100700
7630;71205000;FH für Verwaltung Saarbrücken (Verw-FH);0;2;0;763Z;CRS3035RES100mN2918800E4105500
7670;60735000;accadis Hochschule Bad Homburg (Priv. FH);0;4;0;767Z;CRS3035RES100mN3012000E4224600
7680;60192000;Theologisches Seminar Reutlingen (Kirchl. FH);0;5;0;768Z;CRS3035RES100mN2819500E4262600
7690;60315000;H für Technik und Wirtschaft Berlin (FH);0;2;1;769Z;CRS3035RES100mN3270600E4560300
7700;60380000;Katholische Hochschule für Sozialwesen Berlin (Kirchl. FH);0;5;1;770Z;CRS3035RES100mN3270100E4560900
7710;60310000;Berliner Hochschule für Technik (FH);0;2;1;771Z;CRS3035RES100mN3275800E4548400
7721;60320001;HWR Berlin, Fachbereich Wirtschaft (FH);0;2;1;772Z;CRS3035RES100mN3269200E4547700
7722;60320002;HWR Berlin, Fachbereich  Duales Studium (FH);0;2;1;772Z;CRS3035RES100mN3272400E4560200
7723;60320003;HWR Berlin, Fachbereich Verwaltung, Recht, Polizei (FH);0;2;1;772Z;CRS3035RES100mN3272400E4560200
7730;60305000;Alice Salomon Hochschule Berlin (FH);0;2;1;773Z;CRS3035RES100mN3275800E4565500
7750;60370000;Evangelische Hochschule Berlin (Kirchl. FH);0;5;1;775Z;CRS3035RES100mN3262100E4542800
7780;60805000;Hochschule Neubrandenburg (FH);0;2;1;778Z;CRS3035RES100mN3387900E4536100
7790;60810000;Hochschule Stralsund (FH);0;2;1;779Z;CRS3035RES100mN3474500E4520900
7810;61605000;FH Erfurt;0;2;1;781Z;CRS3035RES100mN3097500E4394100
7820;61610000;Ernst-Abbe-Hochschule Jena (FH);0;2;1;782Z;CRS3035RES100mN3090800E4431300
7830;61620000;Hochschule Schmalkalden (FH);0;2;1;783Z;CRS3035RES100mN3067200E4353700
7840;60815000;Hochschule Wismar (FH);0;2;1;784Z;CRS3035RES100mN3421200E4416000
7850;70410000;FH für Finanzen Brandenburg Königs Wusterhausen (Verw-FH);0;2;0;785Z;CRS3035RES100mN3248700E4567600
7860;71610000;Thüringer FH für öffentliche Verwaltung Gotha (Verw-FH);0;2;0;786Z;CRS3035RES100mN3092400E4370900
7880;61615000;Hochschule Nordhausen (FH);0;2;1;788Z;CRS3035RES100mN3154300E4377200
7890;70405000;Hochschule der Polizei Brandenburg in Oranienburg (Verw-FH);0;2;0;789Z;CRS3035RES100mN3299800E4541700
7900;70805000;FH für öffentliche Verwaltung, Polizei und Rechtspflege in Güstrow (Verw-FH);0;2;0;790Z;CRS3035RES100mN3410700E4464600
7910;60405000;Technische Hochschule Brandenburg (FH);0;2;1;791Z;CRS3035RES100mN3258800E4493500
7920;60410000;Hochschule für nachhaltige Entwicklung Eberswalde (FH);0;2;1;792Z;CRS3035RES100mN3309400E4578100
7940;60425000;Technische Hochschule Wildau (FH);0;2;1;794Z;CRS3035RES100mN3251700E4568500
7950;60420000;FH Potsdam;0;2;1;795Z;CRS3035RES100mN3260300E4528500
7960;10340000;Steinbeis Hochschule in Berlin (Priv. U);0;4;0;796Z;CRS3035RES100mN3263800E4561600
7961;61430000;Steinbeis Hochschule in Magdeburg (Priv. FH);0;4;0;796Y;CRS3035RES100mN3224700E4432700
7971;60356000;SRH Berlin University of Applied Sciences in Berlin (Priv. FH);0;4;0;797Z;CRS3035RES100mN3272300E4546400
7972;61338000;SRH Berlin University of Applied Sciences in Dresden (Priv. FH);0;4;0;797Y;CRS3035RES100mN3112300E4583500
7973;60667000;SRH Berlin University of Applied Sciences in Hamburg (Priv. FH) ;0;4;0;797X;CRS3035RES100mN3383300E4320400
7990;70610000;Norddeutsche Akademie für Finanzen und Steuerrecht Hamburg (Verw-FH);0;2;0;799Z;CRS3035RES100mN3383700E4324700
8000;61420000;Hochschule Merseburg (FH);0;2;1;800Z;CRS3035RES100mN3138700E4458500
8011;61415100;H Magdeburg-Stendal in Magdeburg (FH);0;2;1;801Y;CRS3035RES100mN3227000E4435500
8012;61415200;H Magdeburg-Stendal in Stendal (FH);0;2;1;801X;CRS3035RES100mN3279800E4446200
8021;61410200;H Harz in Wernigerode (FH);0;2;1;802X;CRS3035RES100mN3190900E4373300
8022;61410100;H Harz in Halberstadt (FH);0;2;1;802Y;CRS3035RES100mN3198800E4393100
8031;61405100;H Anhalt in Bernburg (FH) ;0;2;1;803Y;CRS3035RES100mN3191700E4438700
8032;61405200;H Anhalt in Dessau (FH) ;0;2;1;803X;CRS3035RES100mN3194500E4474600
8033;61405300;H Anhalt in Köthen (FH) ;0;2;1;803W;CRS3035RES100mN3184500E4456800
8060;71405000;FH Polizei Sachsen-Anhalt, Aschersleben (Verw-FH);0;2;0;806Z;CRS3035RES100mN3183700E4423900
8080;61060000;SRH Hochschule Nordrhein-Westfalen Hamm in Hamm (Priv. FH);0;4;0;808Z;CRS3035RES100mN3176500E4169600
8081;61060100;SRH Hochschule Nordrhein-Westfalen Hamm in Leverkusen (Priv. FH) ;0;4;0;808Y;CRS3035RES100mN3106800E4111700
8090;60625000;HSBA Hamburg School of Business Admin. (Priv. FH);0;4;0;809Z;CRS3035RES100mN3382400E4320300
8100;61057000;H für Ökonomie und Management Essen (Priv. FH);0;4;0;810Z;CRS3035RES100mN3155700E4112900
8101;61057400;H für Ökonomie und Management Essen in Essen (Priv. FH);0;4;0;810X;CRS3035RES100mN3155700E4112900
8102;61057300;H für Ökonomie und Management Essen in Duisburg (Priv. FH);0;4;0;810Y;CRS3035RES100mN3151400E4097700
8103;61057800;H für Ökonomie und Management Essen in Neuss (Priv. FH);0;4;0;810U;CRS3035RES100mN3125000E4090800
8104;61057600;H für Ökonomie und Management Essen in Köln (Priv. FH);0;4;0;810V;CRS3035RES100mN3094400E4107800
8105;61057500;H für Ökonomie und Management Essen in Gütersloh (Priv. FH);0;4;0;810W;CRS3035RES100mN3199800E4207800
8106;61057900;H für Ökonomie und Management Essen in Siegen (Priv. FH);0;4;0;810T;CRS3035RES100mN3090400E4180800
8107;61057700;H für Ökonomie und Management Essen in Marl (Priv. FH);0;4;0;810S;CRS3035RES100mN3176200E4120100
8108;61057200;H für Ökonomie und Management Essen in Düsseldorf (Priv. FH);0;4;0;810R;CRS3035RES100mN3130900E4097200
8109;61057100;H für Ökonomie und Management Essen in Dortmund (Priv. FH);0;4;0;810Q;CRS3035RES100mN3157200E4149000
810A;61057050;H für Ökonomie und Management Essen in Bonn (Priv. FH);0;4;0;810P;CRS3035RES100mN3071300E4119700
810B;61057030;H für Ökonomie und Management Essen in Aachen (Priv. FH);0;4;0;810N;CRS3035RES100mN3081600E4046400
810C;61057950;H für Ökonomie und Management Essen in Wuppertal (Priv. FH);0;4;0;810M;CRS3035RES100mN3131400E4121700
810D;61057040;H für Ökonomie und Management Essen in Bochum (Priv. FH);0;4;0;810H;CRS3035RES100mN3151700E4130400
810E;61057060;H für Ökonomie und Management Essen in Bönen (Priv. FH);0;4;0;810I;CRS3035RES100mN3169100E4167800
810F;61057520;H für Ökonomie und Management Essen in Hagen (Priv. FH);0;4;0;810J;CRS3035RES100mN3142200E4147000
810G;61057720;H für Ökonomie und Management Essen in Münster (Priv. FH);0;4;0;810K;CRS3035RES100mN3205200E4159400
810H;61057910;H für Ökonomie und Management Essen in Wesel (Priv. FH);0;4;0;810L;CRS3035RES100mN3177200E4086500
810J;60525000;H für Ökonomie und Management Essen in Bremen (Priv. FH);0;4;0;8102;CRS3035RES100mN3333900E4244800
810K;61336000;H für Ökonomie und Management Essen in Leipzig (Priv. FH);0;4;0;810G;CRS3035RES100mN3139500E4486400
810L;60775200;H für Ökonomie und Management Essen in Frankfurt (Priv. FH);0;4;0;810E;CRS3035RES100mN3001300E4223100
810M;60775100;H für Ökonomie und Management Essen in Kassel (Priv. FH);0;4;0;810F;CRS3035RES100mN3134100E4285000
810N;60261100;H für Ökonomie und Management Essen in Augsburg (Priv. FH);0;4;0;810A;CRS3035RES100mN2804800E4387300
810P;60261200;H für Ökonomie und Management Essen in München (Priv. FH);0;4;0;810B;CRS3035RES100mN2782200E4436800
810Q;60261300;H für Ökonomie und Management Essen in Nürnberg (Priv. FH);0;4;0;810C;CRS3035RES100mN2926300E4398700
810R;60942000;H für Ökonomie und Management Essen in Hannover (Priv. FH);0;4;0;810D;CRS3035RES100mN3252100E4303800
810S;60351000;H für Ökonomie und Management Essen in Berlin (Priv. FH);0;4;0;810O;CRS3035RES100mN3272000E4546000
810T;60164100;H für Ökonomie und Management Essen in Mannheim (Priv. FH);0;4;0;8100;CRS3035RES100mN2928700E4210600
810U;60164200;H für Ökonomie und Management Essen in Stuttgart (Priv. FH);0;4;0;8101;CRS3035RES100mN2851100E4259100
810V;60668000;H für Ökonomie und Management Essen in Hamburg (Priv. FH);0;4;0;8103;CRS3035RES100mN3384500E4318900
810W;60164300;H für Ökonomie und Management Essen in Karlsruhe (Priv. FH)  ;0;4;0;8104;CRS3035RES100mN2877800E4201300
810X;61220000;H für Ökonomie und Management Essen in Saarbrücken (Priv. FH);0;4;0;8105;CRS3035RES100mN2906400E4104000
810Y;61057010;H für Ökonomie und Management Essen in Arnsberg (Priv. FH);0;4;0;8106;CRS3035RES100mN3148100E4181700
8111;61012200;H Bonn-Rhein-Sieg in Sankt Augustin (FH);0;2;1;811X;CRS3035RES100mN3078000E4122300
8112;61012100;H Bonn-Rhein-Sieg in Rheinbach (FH);0;2;1;811Y;CRS3035RES100mN3062300E4105300
8113;61012300;H Bonn-Rhein-Sieg in Hennef (FH);0;2;0;811W;CRS3035RES100mN3076200E4129000
8140;60927000;Hochschule21, Buxtehude (Priv. FH);0;4;0;814Z;CRS3035RES100mN3374400E4301300
8150;60174000;Karlshochschule International University, Karlsruhe (Priv. FH);0;4;0;815Z;CRS3035RES100mN2878300E4203500
8171;60142050;Duale Hochschule Baden-Württemberg Mosbach, Campus Bad Mergentheim;0;2;1;817Y;CRS3035RES100mN2931000E4304700
8172;60142100;Duale Hochschule Baden-Württemberg Ravensburg, Campus Friedrichshafen;0;2;1;817X;CRS3035RES100mN2728000E4279400
8173;60142150;Duale Hochschule Baden-Württemberg Heidenheim;0;2;1;817W;CRS3035RES100mN2840900E4332300
8174;60142200;Duale Hochschule Baden-Württemberg Stuttgart, Campus Horb;0;2;1;817V;CRS3035RES100mN2815400E4224500
8175;60142250;Duale Hochschule Baden-Württemberg Karlsruhe;0;2;1;817U;CRS3035RES100mN2880500E4202900
8176;60142300;Duale Hochschule Baden-Württemberg Lörrach;0;2;1;817T;CRS3035RES100mN2725300E4146200
8177;60142350;Duale Hochschule Baden-Württemberg Mannheim;0;2;1;817S;CRS3035RES100mN2930000E4214700
8178;60142400;Duale Hochschule Baden-Württemberg Mosbach;0;2;1;817R;CRS3035RES100mN2916000E4259300
8179;60142450;Duale Hochschule Baden-Württemberg Ravensburg;0;2;1;817Q;CRS3035RES100mN2740700E4292000
817A;60142501;Duale Hochschule Baden-Württemberg Stuttgart;0;2;1;817P;CRS3035RES100mN2852400E4260400
817C;60142550;Duale Hochschule Baden-Württemberg Villingen-Schwenningen;0;2;1;817O;CRS3035RES100mN2772900E4211700
817D;60142170;Duale Hochschule Baden-Württemberg Heilbronn;0;2;1;817N;CRS3035RES100mN2892900E4263900
817E;60142503;Duale Hochschule Baden-Württemberg Präsidium, Stuttgart ;0;2;1;817P;CRS3035RES100mN2852700E4260300
817F;60142171;Duale Hochschule Baden-Württemberg CAS, Heilbronn;0;2;1;817N;CRS3035RES100mN2893100E4263700
8180;71120000;Hochschule der Polizei Rheinland-Pfalz in Büchenbeuren (Verw-FH);0;2;0;818Z;CRS3035RES100mN2982200E4125300
8191;10745000;Charlotte Fresenius Hochschule Wiesbaden in Wiesbaden (Priv. U);1;4;0;819Z;CRS3035RES100mN2997300E4194900
8192;10265000;Charlotte Fresenius Hochschule Wiesbaden in München (Priv. U);0;4;0;819Y;CRS3035RES100mN2784000E4436600
8193;10635000;Charlotte Fresenius Hochschule Wiesbaden in Hamburg (Priv. U);1;4;0;819X;CRS3035RES100mN3384300E4321000
8194;11077000;Charlotte Fresenius Hochschule Wiesbaden in Köln (Priv. U);0;4;0;819W;CRS3035RES100mN3097400E4106500
8200;60450000;Hochschule für Gesundheitsberufe Eberswalde (HGE) - (Priv. FH)	;0;4;0;820Z;CRS3035RES100mN3309300E4577900
8210;60150000;Europäische Hochschule für Innovation und Perspektive (EHIP), Backnang (Priv. FH);0;4;0;821Z;CRS3035RES100mN2870700E4279200
9000;89805000;Sonstige deutsche Hochschulen;1;6;0;900Z;
9500;89850000;Berufsakademie in Deutschland;0;6;0;950Z;
9990;99905000;Hochschulen im Ausland;1;6;0;999Z;
